,0,1,2,3,4,5,6,7,8,9,10,11,12,13,14,15,16,17,18,19,20,21,22,23,24,25,26,27,28,29,30,31,32,33,34,35,36
2020-03-05,0,0,0,0,0,0,0,0,0,0,0,0,0,1,0,0,0,0,0,0,0,0,0,0,0,0,0,0,0,0,0,0,0,0,0,1,1
2020-03-06,0,0,0,0,0,0,0,0,0,0,0,0,0,0,0,0,0,0,0,0,0,0,0,0,0,0,0,0,0,0,0,0,0,0,0,0,0
2020-03-07,0,0,0,0,0,0,0,0,0,0,0,0,0,0,0,0,0,0,0,0,0,0,0,0,0,0,0,0,0,0,0,0,0,0,0,0,0
2020-03-08,0,0,0,0,0,0,0,0,0,0,0,0,0,0,0,0,0,0,0,0,0,0,0,0,0,0,0,0,0,0,0,0,0,0,0,0,0
2020-03-09,0,0,0,0,0,0,0,0,0,0,0,0,0,0,0,0,0,0,0,0,0,0,0,0,0,0,0,0,0,0,0,0,0,0,2,0,2
2020-03-10,0,0,0,0,0,0,0,0,0,0,0,0,0,0,0,0,0,0,0,0,0,0,0,0,0,0,0,0,0,0,0,0,0,0,0,0,0
2020-03-11,0,0,0,0,1,1,0,0,0,0,1,1,0,0,0,0,0,0,0,0,0,0,0,0,0,0,0,0,0,0,0,0,0,0,6,4,10
2020-03-12,0,1,0,0,0,0,0,0,0,0,0,0,0,2,0,0,0,0,0,0,0,0,0,0,0,0,0,0,0,0,0,0,0,0,6,3,9
2020-03-13,0,0,0,0,0,2,0,1,0,0,0,1,0,0,0,0,0,0,0,0,0,0,0,0,0,0,0,0,0,0,0,0,0,0,5,4,9
2020-03-14,1,0,0,1,0,1,0,1,0,0,0,2,0,2,2,0,0,0,0,0,0,0,0,0,0,0,0,0,0,0,0,0,0,0,17,10,27
2020-03-15,1,0,0,0,1,0,1,0,1,0,1,2,1,1,0,0,0,0,0,0,0,0,0,0,0,0,0,0,0,0,0,0,0,2,9,11,20
2020-03-16,0,0,0,1,1,0,0,0,0,0,0,1,1,0,1,0,1,0,0,0,0,0,0,0,0,0,0,0,1,0,0,0,0,0,6,7,13
2020-03-17,0,1,0,0,1,0,0,0,1,1,0,1,1,1,1,0,1,0,0,0,0,0,0,0,0,0,0,0,0,0,0,0,0,0,9,9,18
2020-03-18,2,0,0,0,1,2,1,0,0,2,4,3,1,0,2,0,2,0,0,0,0,0,1,0,0,0,0,0,0,0,0,0,0,1,10,22,32
2020-03-19,3,0,0,1,1,1,2,0,0,0,0,-1,0,0,2,1,-1,0,0,0,0,0,0,0,0,0,0,0,1,0,0,0,0,1,23,11,34
2020-03-20,0,1,0,1,0,1,1,1,0,1,0,3,1,1,2,0,2,0,0,0,0,0,0,1,0,0,0,0,0,0,0,0,0,0,13,16,29
2020-03-21,2,0,0,2,0,0,4,0,0,0,0,0,1,0,0,0,0,0,0,0,0,0,0,0,0,0,0,0,0,0,0,0,0,0,2,9,11
2020-03-22,1,1,0,2,0,0,0,2,2,1,1,1,0,0,0,1,0,0,0,0,0,0,0,0,0,0,0,0,0,0,0,0,0,0,11,12,23
2020-03-23,-2,3,0,-1,1,2,-3,3,0,3,1,5,0,2,2,0,0,0,0,1,0,1,0,0,0,0,0,1,0,0,0,0,0,1,20,20,40
2020-03-24,0,0,0,0,0,0,0,0,0,0,0,0,0,3,3,0,1,0,0,0,0,0,0,0,0,0,0,0,0,0,0,0,0,0,6,7,13
2020-03-25,0,1,0,0,0,0,3,3,1,5,1,4,0,0,4,0,3,1,0,0,0,0,1,1,1,0,0,0,0,0,0,0,0,0,29,29,58
2020-03-26,0,2,2,4,1,2,0,1,0,2,0,4,1,1,1,1,1,0,0,0,0,1,1,0,0,0,0,0,0,0,0,0,0,0,18,25,43
2020-03-27,2,3,1,1,0,0,-1,2,0,1,0,4,0,2,1,0,4,0,0,0,0,0,0,0,1,0,0,0,0,0,0,0,0,0,6,21,27
2020-03-28,0,1,0,0,0,2,0,2,0,2,0,3,0,1,4,1,2,0,0,0,0,1,0,0,1,0,0,0,0,0,0,0,0,0,10,20,30
2020-03-29,3,1,0,0,1,0,0,5,1,0,0,1,0,1,2,0,4,0,0,0,0,0,0,0,1,0,0,0,0,0,0,0,0,0,7,20,27
2020-03-30,3,4,0,1,2,3,0,2,0,1,0,3,0,0,4,0,2,0,0,0,0,0,0,0,0,0,0,0,0,0,0,0,0,0,27,25,52
2020-03-31,0,1,0,0,0,0,0,0,0,2,0,3,0,2,3,0,3,0,0,0,0,0,0,0,0,0,0,0,0,0,0,0,0,0,11,14,25
2020-04-01,7,0,0,1,2,0,1,3,0,7,0,3,0,2,2,0,1,0,0,0,0,0,0,0,0,0,0,0,1,0,0,0,1,0,14,31,45
2020-04-02,0,0,0,1,0,0,0,0,0,2,0,1,0,0,1,0,0,0,0,0,0,0,0,0,0,0,0,0,0,0,0,0,0,0,2,5,7
2020-04-03,11,1,4,-1,0,3,0,3,1,1,2,2,0,2,5,0,8,0,0,0,0,2,0,0,0,0,0,0,0,0,0,1,2,2,10,49,59
2020-04-04,3,0,0,0,0,1,0,7,1,2,0,3,0,2,8,1,4,0,0,0,1,0,0,0,0,0,0,0,0,0,0,0,2,0,12,35,47
2020-04-05,2,4,0,0,1,0,0,4,1,4,0,0,2,2,4,1,4,0,0,0,2,0,1,1,0,0,0,0,0,0,0,1,1,0,13,35,48
2020-04-06,2,2,1,4,0,2,0,5,0,0,0,0,1,0,4,0,3,0,0,0,0,0,0,0,0,0,0,0,0,0,1,0,0,0,11,25,36
2020-04-07,4,0,4,1,3,0,0,19,0,2,2,5,0,1,6,0,2,0,0,0,0,1,0,0,0,0,0,0,0,0,0,1,0,0,17,51,68
2020-04-08,6,2,1,6,1,2,3,8,1,7,1,5,0,1,9,4,8,0,0,0,0,0,0,0,0,0,0,0,0,0,0,1,2,1,22,69,91
2020-04-09,4,0,0,2,0,1,0,16,2,0,0,0,0,1,3,1,3,0,0,0,2,0,0,0,0,0,0,0,0,0,0,1,1,0,17,37,54
2020-04-10,2,1,0,3,0,0,2,7,7,3,1,3,0,1,6,0,3,0,0,0,0,1,1,0,1,0,0,0,0,0,0,0,0,0,11,42,53
2020-04-11,6,0,1,0,0,0,1,2,1,3,2,2,1,1,9,5,9,0,0,0,0,0,0,0,0,0,0,0,0,0,0,0,2,0,11,45,56
2020-04-12,2,0,0,0,0,0,0,4,1,0,1,4,0,2,5,1,4,0,0,0,0,0,0,0,0,0,0,0,0,0,0,0,-1,0,10,23,33
2020-04-13,0,0,0,0,1,0,0,0,0,0,0,1,0,0,0,0,1,0,0,0,0,0,0,0,0,0,0,0,0,0,0,0,0,0,1,3,4
2020-04-14,2,2,0,1,0,0,0,5,0,0,1,1,0,0,1,0,2,0,0,0,0,0,0,0,0,0,0,0,0,0,0,0,0,0,6,15,21
2020-04-15,0,2,0,0,0,0,0,2,0,0,0,0,0,0,2,1,1,0,0,0,0,0,0,0,0,0,0,0,0,0,0,0,2,0,2,10,12
2020-04-16,2,0,0,0,1,-1,0,1,1,3,1,1,0,1,5,0,3,0,0,0,0,0,0,0,0,0,0,1,0,0,0,0,2,0,10,21,31
2020-04-17,2,1,0,0,0,0,1,-1,1,0,0,3,1,0,3,1,0,0,0,0,0,0,0,0,0,0,0,1,0,0,0,1,0,2,9,16,25
2020-04-18,4,0,0,0,0,0,1,4,1,2,0,0,0,0,1,1,5,0,0,0,0,0,0,0,0,0,0,0,0,0,0,0,0,0,6,19,25
2020-04-19,3,0,0,0,0,0,0,0,0,2,0,1,1,1,4,0,2,0,0,0,0,0,0,0,0,0,0,0,0,0,0,0,1,0,0,15,15
2020-04-20,2,0,0,0,0,0,0,2,1,1,0,0,0,0,1,0,1,0,0,0,0,0,0,0,0,0,0,0,0,0,0,0,0,0,3,8,11
2020-04-21,11,0,0,1,0,1,2,1,1,0,0,1,0,0,1,0,3,0,0,0,0,0,0,0,0,0,0,0,0,0,0,0,0,1,7,23,30
2020-04-22,0,1,0,0,0,0,0,1,1,1,0,0,0,0,0,0,2,0,0,0,0,0,0,0,0,0,0,0,0,0,0,0,0,0,2,6,8
2020-04-23,3,0,0,0,1,0,0,0,0,0,0,2,0,-1,3,0,0,0,0,0,0,0,1,0,0,0,0,0,0,0,0,0,0,0,2,9,11
2020-04-24,6,0,0,0,0,0,1,-3,0,0,0,1,0,0,1,0,3,0,0,0,0,0,0,0,0,0,0,0,0,0,0,0,0,0,2,9,11
2020-04-25,1,1,0,0,0,0,0,0,0,1,0,2,1,0,0,0,3,0,0,0,0,0,0,0,0,0,0,0,0,0,0,0,0,0,3,9,12
2020-04-26,1,0,0,0,0,1,0,0,1,1,0,0,0,0,0,0,2,0,0,0,0,0,-1,0,0,0,0,0,0,0,0,0,0,0,2,5,7
2020-04-27,0,0,0,0,1,0,1,1,0,0,0,1,0,0,0,0,0,0,0,0,0,0,0,0,0,0,0,0,0,0,0,0,0,0,0,4,4
2020-04-28,3,0,0,0,0,0,1,1,0,0,0,0,0,0,-1,0,0,0,1,0,0,0,0,0,0,0,0,0,0,0,0,0,0,0,-1,5,4
2020-04-29,0,0,0,0,0,0,0,0,0,0,0,0,0,0,0,0,1,0,0,0,0,0,0,0,0,0,0,0,0,0,0,0,0,0,1,1,2
2020-04-30,0,0,0,0,0,0,0,0,0,0,0,0,0,0,-1,1,3,0,0,0,0,0,1,0,0,0,0,0,0,0,0,0,0,0,0,4,4
2020-05-01,1,0,0,-1,0,-1,0,1,0,0,0,0,0,0,0,1,2,0,0,0,0,0,0,0,0,0,0,0,0,0,1,0,1,0,2,5,7
2020-05-02,2,0,0,0,0,0,0,1,0,0,0,1,0,1,0,0,7,0,0,0,0,0,0,0,0,0,0,0,0,0,0,0,0,0,1,12,13
2020-05-03,1,0,0,0,0,2,0,3,0,0,0,1,0,0,0,1,3,0,0,0,0,0,0,0,0,0,0,0,0,0,0,0,1,0,4,12,16
2020-05-04,0,0,0,0,0,0,0,0,0,0,0,1,0,1,0,1,0,0,0,0,0,0,1,0,0,0,0,0,0,0,0,0,0,0,3,4,7
2020-05-05,0,0,0,0,0,0,0,-1,0,0,0,7,0,0,1,0,1,0,0,0,0,0,1,0,0,0,0,0,0,0,0,0,0,0,2,9,11
2020-05-06,0,0,0,0,0,0,0,2,0,0,0,1,0,0,0,1,0,0,0,0,0,0,0,0,0,0,0,0,0,0,0,0,1,0,1,5,6
2020-05-07,0,1,0,0,0,0,0,-1,0,1,0,0,0,0,0,0,3,0,0,0,2,0,0,0,0,0,0,0,0,0,0,0,0,0,5,6,11
2020-05-08,1,0,0,1,0,0,0,1,0,1,0,0,0,0,0,0,3,0,0,0,0,1,1,0,0,0,0,0,0,0,1,0,0,0,10,10,20
2020-05-09,0,0,0,0,2,0,2,0,0,1,0,0,0,0,1,1,0,0,0,0,0,0,1,0,0,0,0,0,0,0,0,0,0,0,-2,8,6
2020-05-10,0,0,0,0,0,0,0,6,2,2,0,0,0,0,0,0,0,0,0,0,0,0,0,0,0,0,0,0,0,0,0,4,0,0,2,14,16
2020-05-11,0,0,0,0,0,0,0,0,1,0,0,0,0,0,0,0,1,0,0,0,0,0,0,0,0,0,0,0,0,0,0,0,0,0,0,2,2
2020-05-12,0,0,0,0,0,0,0,0,5,0,0,1,0,1,0,0,-1,0,0,0,0,0,0,0,0,0,0,0,0,0,0,0,0,0,0,6,6
2020-05-13,1,1,0,0,0,0,-2,0,0,1,0,2,0,0,0,0,8,0,0,0,0,0,0,0,0,0,0,0,0,0,0,0,0,0,2,11,13
2020-05-14,1,0,0,0,0,0,1,0,0,0,0,0,-1,0,-1,0,0,0,0,0,0,0,0,0,0,0,0,0,0,0,1,0,0,0,1,1,2
2020-05-15,0,0,0,0,0,1,0,0,0,0,0,0,0,0,0,0,1,0,0,0,0,0,0,0,0,0,0,0,0,0,0,0,0,0,0,2,2
2020-05-16,0,0,1,0,0,0,0,0,0,0,0,0,0,0,0,0,0,0,0,0,0,0,0,0,0,0,0,0,0,0,0,0,0,1,1,2,3
2020-05-17,0,0,0,0,0,0,0,0,1,1,0,0,0,0,0,0,2,0,0,0,0,0,0,0,0,0,0,0,0,0,0,0,0,1,0,5,5
2020-05-18,0,1,0,9,0,0,0,0,31,1,0,0,0,17,3,0,0,0,0,0,1,0,0,0,0,0,0,0,0,0,0,0,0,2,1,65,66
2020-05-19,0,1,0,-1,0,0,0,0,0,3,0,0,0,0,1,0,0,0,0,0,0,0,0,0,0,0,0,0,0,0,0,0,0,1,1,5,6
2020-05-20,0,0,0,1,0,0,0,0,1,0,0,2,0,0,0,0,0,0,0,0,0,0,0,0,0,0,0,0,0,0,0,0,0,0,2,4,6
2020-05-21,0,0,0,0,0,0,0,0,0,0,0,0,0,0,0,0,0,0,1,0,0,0,0,0,0,0,0,0,0,0,0,0,0,0,2,1,3
2020-05-22,0,0,0,6,0,0,0,0,39,0,0,0,0,8,1,0,0,0,0,0,0,0,0,0,0,0,0,0,0,0,0,0,0,0,0,54,54
2020-05-23,0,0,0,0,0,0,0,0,1,0,0,0,0,0,0,0,0,0,0,0,0,0,0,0,0,0,0,0,0,0,0,0,0,0,0,1,1
2020-05-24,0,0,0,0,0,0,0,0,0,0,0,0,0,0,0,0,0,0,0,0,0,0,0,0,0,0,0,0,0,0,0,0,0,0,1,0,1
2020-05-25,0,0,0,0,0,1,0,1,0,0,0,0,0,0,0,0,0,0,0,0,0,0,0,0,0,0,0,0,0,0,0,0,0,3,0,5,5
2020-05-26,0,0,0,0,0,0,0,1,0,0,0,0,0,0,1,0,0,0,0,0,0,0,0,0,0,0,0,0,0,0,0,0,0,0,1,2,3
2020-05-27,1,0,0,0,0,0,0,0,0,0,0,0,0,1,0,0,1,0,0,0,0,0,0,0,0,0,0,0,0,0,0,0,0,0,2,3,5
2020-05-28,0,0,0,0,0,0,0,1,1,0,0,0,0,3,0,0,0,0,0,0,0,0,0,0,0,0,0,0,0,0,0,0,0,0,0,5,5
2020-05-29,0,0,0,0,0,0,0,0,0,0,0,0,0,0,0,0,2,0,1,0,1,0,0,0,0,0,0,0,0,0,0,0,0,0,4,4,8
2020-05-30,0,0,0,0,0,0,0,1,0,0,0,0,0,0,0,0,0,0,0,0,0,0,0,0,0,0,0,0,0,0,0,0,0,0,1,1,2
2020-05-31,0,0,0,0,1,0,0,0,0,0,0,0,0,1,0,0,0,0,0,0,0,0,0,0,0,0,0,0,0,0,0,0,0,0,0,2,2
2020-06-01,0,0,0,0,0,0,0,0,1,0,0,0,0,0,0,0,0,0,0,0,0,0,0,0,0,0,0,0,0,0,0,0,0,0,1,1,2
2020-06-02,0,0,0,0,0,0,0,0,0,0,0,0,0,0,0,0,0,0,0,0,0,0,0,1,0,0,0,0,0,0,0,0,0,0,0,1,1
2020-06-03,0,0,0,0,0,0,0,0,0,0,0,0,0,0,0,0,0,0,0,0,0,0,0,1,0,0,0,0,0,0,0,0,0,0,2,1,3
2020-06-04,0,0,0,1,0,0,0,0,0,0,0,0,0,0,0,0,0,0,0,0,0,0,0,0,0,0,0,0,0,0,0,0,0,0,0,1,1
2020-06-05,0,0,0,0,0,0,0,0,0,1,0,0,0,0,0,0,1,0,0,0,0,0,0,0,0,0,0,0,0,0,0,0,0,0,1,2,3
2020-06-06,0,0,0,0,0,0,0,0,0,0,2,0,0,0,1,0,0,0,0,0,0,0,0,0,0,0,0,0,0,0,0,0,0,0,1,3,4
2020-06-07,0,0,0,0,0,0,0,0,0,0,0,0,0,0,0,0,0,0,0,0,0,0,0,0,0,0,0,0,0,0,0,0,0,0,1,0,1
2020-06-08,0,0,0,0,0,0,0,1,0,0,0,0,0,0,0,0,0,0,0,0,0,0,0,0,0,0,0,0,0,0,0,0,0,0,1,1,2
2020-06-09,0,0,0,0,0,0,0,0,0,0,0,0,0,0,0,0,0,0,0,0,0,0,0,0,0,0,0,0,0,0,0,0,0,0,0,0,0
2020-06-10,0,0,0,1,0,0,0,0,0,0,0,0,0,0,0,0,0,0,0,0,0,0,0,0,0,0,0,0,0,0,0,0,0,0,1,1,2
2020-06-11,0,1,0,0,0,0,0,0,0,1,0,0,0,0,0,0,0,0,0,0,0,0,0,0,0,0,0,0,0,0,0,0,0,0,0,2,2
2020-06-12,1,0,0,0,0,0,0,0,0,0,0,0,0,0,0,0,0,0,0,0,0,0,0,0,0,0,0,0,0,0,0,0,0,0,2,1,3
2020-06-13,0,0,0,0,0,0,0,0,1,0,1,0,0,0,0,0,0,0,0,0,0,0,0,0,0,0,0,0,0,0,0,0,0,0,1,2,3
2020-06-14,0,0,0,0,0,0,0,0,0,0,1,0,0,0,0,0,0,0,0,0,0,0,0,0,0,0,0,0,0,0,0,0,0,0,0,1,1
2020-06-15,0,0,0,0,0,0,0,0,0,0,0,0,0,0,0,0,0,0,0,0,0,0,0,0,0,0,0,0,0,0,0,0,0,0,0,0,0
2020-06-16,0,0,0,0,0,0,0,0,0,0,0,0,0,0,0,0,0,0,0,0,0,0,0,0,0,0,0,0,0,0,0,0,0,0,0,0,0
2020-06-17,0,0,0,0,0,0,0,0,0,0,0,0,0,0,0,0,0,0,0,0,0,0,0,0,0,0,0,0,0,0,0,0,0,0,1,0,1
2020-06-18,0,0,0,0,0,0,0,0,0,0,0,0,0,0,0,0,0,0,0,0,0,0,0,0,0,0,0,0,0,0,0,0,0,0,0,0,0
2020-06-19,0,0,0,0,0,0,0,0,0,0,0,0,0,0,0,0,0,0,0,0,0,0,0,0,0,0,0,0,0,0,0,0,0,0,0,0,0
2020-06-20,0,0,0,0,0,0,0,0,0,0,0,0,0,0,0,0,0,0,0,0,0,0,0,0,0,0,0,0,0,0,0,0,0,0,1,0,1
2020-06-21,0,0,0,0,0,0,0,0,0,0,0,0,0,0,0,0,0,0,0,0,0,0,0,0,0,0,0,0,0,0,0,0,0,0,0,0,0
2020-06-22,0,0,0,0,0,0,0,0,0,0,0,0,0,0,0,0,0,0,0,0,0,0,0,0,0,0,0,0,0,0,0,1,0,0,0,1,1
2020-06-23,0,0,0,0,0,0,0,0,1,0,0,0,0,0,0,0,0,0,0,0,0,0,0,0,0,0,0,0,0,0,0,0,0,0,0,1,1
2020-06-24,0,0,0,0,0,0,0,0,0,0,0,0,0,0,0,0,0,0,0,0,0,0,0,0,0,0,0,0,0,0,0,0,0,0,2,0,2
2020-06-25,0,0,0,0,0,0,0,0,1,0,0,0,0,0,0,0,0,0,0,0,1,0,0,0,0,0,0,0,0,0,0,0,0,0,0,2,2
2020-06-26,0,0,0,0,0,0,0,0,0,0,0,0,0,0,0,0,0,0,0,0,0,0,0,0,0,0,0,0,0,0,0,0,0,0,3,0,3
2020-06-27,0,0,0,0,0,0,0,0,0,0,0,0,0,0,0,0,0,0,0,0,0,0,0,0,0,0,0,0,0,0,0,0,0,0,0,0,0
2020-06-28,0,0,0,0,1,0,0,0,0,0,0,0,0,0,0,0,0,0,0,0,0,0,0,0,0,0,0,0,0,0,0,0,0,0,0,1,1
2020-06-29,0,0,0,0,0,0,0,0,0,0,0,0,0,0,0,0,0,0,0,0,0,0,0,0,0,0,0,0,0,0,0,0,0,0,0,0,0
2020-06-30,0,0,0,0,0,0,0,0,0,0,0,0,0,0,0,0,0,0,0,0,0,0,0,0,0,0,0,0,0,0,0,0,0,0,2,0,2
2020-07-01,0,0,0,0,1,0,0,0,0,0,0,0,0,0,0,0,0,0,0,0,0,0,0,0,0,0,0,0,0,0,0,0,0,0,0,1,1
2020-07-02,0,0,0,0,0,0,0,0,0,0,0,0,0,0,0,0,0,0,0,0,1,0,0,0,0,0,0,0,0,0,0,0,0,0,0,1,1
2020-07-03,0,0,0,0,0,0,0,1,0,0,0,0,0,0,0,0,0,0,0,0,0,0,0,0,0,0,0,0,0,0,0,0,0,0,0,1,1
2020-07-04,0,0,0,0,0,0,0,0,0,0,0,0,0,0,0,0,0,0,0,0,0,0,0,0,0,0,0,0,0,0,0,0,0,0,0,0,0
2020-07-05,0,0,0,0,0,0,0,0,0,0,0,0,0,0,0,0,0,0,0,0,0,0,0,0,0,0,0,0,0,0,0,0,0,0,0,0,0
2020-07-06,0,0,0,0,0,0,0,0,0,0,0,0,0,0,0,0,0,0,0,0,0,0,0,0,0,0,0,0,0,0,0,0,0,0,1,0,1
2020-07-07,0,0,0,0,0,0,0,0,0,1,0,0,0,0,0,0,0,0,0,0,0,0,0,0,0,0,0,0,0,0,0,0,0,0,0,1,1
2020-07-08,0,0,0,0,0,0,0,0,0,0,0,0,0,0,0,0,0,0,0,0,0,0,0,0,0,0,0,0,0,0,0,0,0,0,1,0,1
2020-07-09,0,0,0,0,0,0,0,1,0,0,0,1,0,0,0,0,0,0,0,0,0,0,0,0,0,0,0,0,0,0,0,0,0,0,1,2,3
2020-07-10,0,0,0,0,0,0,0,0,0,0,0,0,0,0,0,0,0,0,0,0,0,0,0,0,0,0,0,0,0,0,0,0,0,0,0,0,0
2020-07-11,0,0,0,0,0,0,1,0,0,0,0,0,0,0,0,0,0,0,0,0,0,0,0,0,0,0,0,0,0,0,0,0,0,0,0,1,1
2020-07-12,0,0,0,0,0,0,0,0,0,0,0,0,0,0,0,0,0,0,0,0,0,0,0,0,0,0,0,0,0,0,0,0,0,0,0,0,0
2020-07-13,0,0,0,0,0,0,0,0,0,0,0,0,0,0,0,0,0,0,0,0,0,0,0,0,0,0,0,0,0,0,0,0,0,0,0,0,0
2020-07-14,0,0,0,0,0,0,0,0,0,0,0,0,0,0,0,0,0,0,0,0,0,0,0,0,0,0,0,0,0,0,0,0,0,0,0,0,0
2020-07-15,0,0,0,0,0,0,0,1,0,0,0,0,0,0,0,0,0,0,0,0,0,0,0,0,0,0,0,0,0,0,0,0,0,0,1,1,2
2020-07-16,0,0,0,0,0,0,0,0,0,0,0,0,0,0,0,0,0,0,0,0,0,0,0,0,0,0,0,0,0,0,0,0,0,0,2,0,2
2020-07-17,0,0,0,0,1,0,0,0,0,0,0,0,1,0,0,1,0,0,0,0,0,0,0,0,0,0,0,0,0,0,0,0,0,0,3,3,6
2020-07-18,0,0,0,0,0,0,0,0,0,0,0,0,0,0,0,3,0,0,0,0,0,1,1,0,0,0,0,0,0,0,0,0,0,0,0,5,5
2020-07-19,0,0,0,0,0,0,0,0,0,0,0,0,0,0,0,0,0,0,0,0,0,0,0,0,0,0,0,0,0,0,0,0,0,0,2,0,2
2020-07-20,0,0,0,0,0,0,0,0,0,0,0,0,0,0,0,0,0,0,0,0,0,1,0,0,0,0,0,0,0,0,0,0,0,0,0,1,1
2020-07-21,0,0,0,0,0,0,0,0,0,0,0,0,0,0,0,0,0,0,0,0,2,0,0,0,0,0,0,0,0,0,0,0,0,0,0,2,2
2020-07-22,0,0,0,0,0,0,0,0,0,0,0,0,0,0,0,0,0,0,0,0,0,0,0,0,0,0,0,0,0,0,0,0,0,0,2,0,2
2020-07-23,0,0,1,0,0,0,0,0,0,0,0,0,0,0,0,0,1,0,0,0,0,0,0,0,0,0,0,0,0,0,0,0,0,0,0,2,2
2020-07-24,0,0,0,0,0,0,0,0,0,0,0,0,0,0,0,0,0,0,0,0,0,0,0,0,0,0,0,0,0,0,0,0,0,0,0,0,0
2020-07-25,0,0,0,0,0,0,0,0,0,0,0,0,0,0,0,0,0,0,0,0,0,0,1,0,0,0,0,0,0,0,0,0,1,0,0,2,2
2020-07-26,0,0,0,0,0,0,0,0,0,0,0,0,0,0,0,0,0,0,0,0,0,0,0,0,0,0,0,0,0,0,0,0,0,0,0,0,0
2020-07-27,0,0,0,0,0,0,0,0,0,0,0,0,0,0,0,0,0,0,0,0,0,0,0,0,0,0,0,0,0,0,0,0,0,0,0,0,0
2020-07-28,0,0,0,0,0,0,0,0,0,0,0,0,0,0,0,0,0,0,0,0,0,0,0,0,0,0,0,0,0,0,0,0,0,0,1,0,1
2020-07-29,0,0,0,0,0,0,0,0,0,0,0,0,0,0,0,0,0,0,0,0,0,0,1,0,0,0,0,0,0,0,0,0,0,0,0,1,1
2020-07-30,0,0,0,0,0,0,0,0,0,0,0,0,0,0,0,0,0,0,0,0,0,0,2,0,0,0,0,0,0,0,0,0,0,0,0,2,2
2020-07-31,0,0,0,0,2,0,0,0,0,0,0,0,0,0,1,0,0,0,0,0,0,0,0,0,0,0,0,0,0,0,0,0,1,0,0,4,4
2020-08-01,0,0,0,0,0,0,0,0,0,0,0,0,0,0,0,0,0,0,0,0,0,0,0,0,0,0,0,0,0,0,0,0,1,0,1,1,2
2020-08-02,0,0,0,0,0,0,0,0,0,0,0,0,0,0,1,0,0,0,0,0,1,0,0,0,0,0,0,0,0,0,0,0,0,0,1,2,3
2020-08-03,0,0,0,0,0,0,0,0,0,0,0,0,3,0,0,0,0,0,0,0,0,0,0,0,0,0,0,0,0,0,0,0,0,0,0,3,3
2020-08-04,0,0,0,0,0,1,0,2,0,0,0,0,0,0,1,0,0,0,0,0,1,0,0,0,0,0,0,0,0,0,0,0,0,0,1,5,6
2020-08-05,0,0,0,0,0,0,0,0,0,0,0,0,0,0,0,0,0,0,0,0,0,0,0,0,0,0,0,0,0,0,0,0,0,0,0,0,0
2020-08-06,0,0,0,0,0,0,0,0,0,0,0,0,0,0,1,0,0,0,0,0,0,0,0,0,0,0,0,0,0,0,0,0,0,0,1,1,2
2020-08-07,0,1,0,0,0,0,0,0,0,0,0,0,1,0,1,0,0,0,0,0,0,0,2,0,0,0,0,0,0,0,0,0,1,0,5,6,11
2020-08-08,0,0,0,0,0,0,0,0,0,0,0,0,0,0,1,0,0,1,0,0,0,0,0,0,0,0,0,0,0,0,0,0,0,0,4,2,6
2020-08-09,0,1,0,0,0,1,0,0,0,0,0,0,0,0,1,0,0,0,0,0,0,0,0,0,0,0,0,0,0,0,0,0,0,0,7,3,10
2020-08-10,0,0,0,0,0,0,0,0,0,0,0,0,0,0,0,0,0,0,0,0,0,0,1,0,0,0,0,0,0,0,0,0,0,0,1,1,2
2020-08-11,0,0,0,0,0,0,0,0,0,3,0,0,0,0,0,1,0,1,0,0,0,0,0,0,0,0,0,0,0,0,0,0,0,0,4,5,9
2020-08-12,0,0,0,0,1,0,0,0,0,0,0,0,2,0,0,1,0,2,0,0,0,0,0,0,0,0,0,0,0,0,0,0,0,0,3,6,9
2020-08-13,0,0,0,0,0,0,0,0,0,1,0,0,0,0,1,0,0,0,0,0,1,0,0,0,0,0,0,0,0,0,0,1,0,0,4,4,8
2020-08-14,0,0,0,0,0,0,0,0,0,0,0,0,0,0,0,0,1,0,0,0,-1,0,0,0,0,0,0,0,0,0,0,0,0,0,2,0,2
2020-08-15,0,0,0,0,0,0,0,0,0,0,0,0,0,0,0,0,1,0,0,0,0,0,0,0,0,0,0,0,0,0,0,0,0,0,1,1,2
2020-08-16,0,0,0,0,0,0,0,0,0,0,0,0,0,0,0,0,0,0,0,0,0,0,0,0,0,0,0,0,0,0,0,0,0,0,1,0,1
2020-08-17,0,0,0,0,0,0,0,0,0,0,0,0,0,0,0,0,0,1,0,0,0,0,0,0,1,0,0,0,0,0,0,0,0,0,3,2,5
2020-08-18,0,0,0,0,0,0,0,0,0,0,0,0,0,0,0,0,0,1,0,0,0,0,0,0,0,0,0,0,0,0,0,2,0,0,0,3,3
2020-08-19,0,0,0,0,0,0,0,0,0,0,0,0,0,0,0,1,0,0,0,0,0,0,0,0,0,0,0,0,0,0,0,0,0,0,11,1,12
2020-08-20,0,0,0,0,0,0,0,0,0,5,0,0,0,0,0,0,0,0,0,0,0,0,0,0,0,0,0,0,0,0,0,0,0,0,5,5,10
2020-08-21,4,0,0,0,1,0,0,0,0,0,0,0,0,0,0,0,0,0,0,0,0,0,0,0,0,0,0,0,0,0,0,0,0,0,7,5,12
2020-08-22,0,0,0,0,0,0,0,0,0,0,0,0,1,0,0,0,0,0,0,0,0,0,0,0,0,0,0,0,0,0,0,0,0,0,6,1,7
2020-08-23,0,0,0,0,0,0,0,0,1,0,0,0,0,0,0,0,0,0,0,0,0,0,0,0,0,0,0,0,0,0,0,0,0,0,0,1,1
2020-08-24,1,0,0,0,0,0,0,0,0,0,0,0,0,0,0,0,0,0,0,0,1,0,0,0,0,0,0,0,0,0,0,0,0,0,1,2,3
2020-08-25,0,0,0,0,2,1,0,0,0,0,0,0,0,0,0,0,0,0,0,0,0,0,0,0,0,0,0,0,0,0,0,0,0,0,5,3,8
2020-08-26,0,0,0,0,0,0,0,0,0,0,0,0,0,0,0,0,0,0,0,0,1,0,0,0,0,0,0,0,0,0,0,0,0,0,6,1,7
2020-08-27,0,0,0,0,0,0,0,0,0,0,0,0,0,0,0,0,0,0,0,0,0,0,0,0,0,0,0,0,0,0,0,0,0,0,2,0,2
2020-08-28,0,0,0,0,0,0,0,0,2,0,0,0,0,0,0,0,0,0,0,0,1,0,0,0,0,0,0,0,0,0,0,0,0,0,2,3,5
2020-08-29,0,0,0,0,0,0,0,0,0,0,0,0,0,0,0,0,0,0,0,0,0,0,0,0,0,0,0,0,0,0,0,0,0,0,1,0,1
2020-08-30,0,0,0,0,0,1,0,0,0,1,0,0,0,0,0,0,0,0,0,0,0,0,0,0,0,0,0,0,0,0,0,0,0,0,2,2,4
2020-08-31,0,0,0,0,0,0,0,0,0,0,1,0,0,0,0,0,0,0,0,0,0,0,0,0,0,0,0,0,0,0,0,0,0,0,2,1,3
2020-09-01,0,0,0,0,0,0,0,0,0,0,0,0,0,0,0,1,0,0,0,0,0,0,0,0,0,0,0,0,0,0,0,0,0,0,3,1,4
2020-09-02,0,0,1,0,0,0,0,0,0,1,0,0,0,0,0,0,0,3,0,0,0,0,0,0,0,0,0,0,0,0,0,0,0,0,1,5,6
2020-09-03,0,0,0,0,0,0,0,0,0,0,0,0,0,0,0,0,0,0,0,0,1,0,0,0,0,0,0,0,0,0,0,0,0,0,1,1,2
2020-09-04,0,0,0,0,0,0,0,0,0,0,0,0,0,0,0,0,0,0,0,0,0,0,0,0,0,0,0,0,0,0,0,0,0,0,3,0,3
2020-09-05,0,0,0,0,0,0,0,1,0,0,2,0,0,0,0,0,0,0,0,0,1,0,0,0,0,0,0,0,0,0,0,0,0,0,1,4,5
2020-09-06,0,0,0,1,0,0,0,0,0,0,0,1,0,0,0,0,0,0,0,0,2,0,0,0,0,0,0,0,0,0,0,0,0,0,2,4,6
2020-09-07,0,0,0,0,0,0,0,1,0,0,0,0,0,0,0,0,0,0,0,0,1,0,0,0,0,0,0,0,0,0,0,0,0,0,3,2,5
2020-09-08,0,0,0,2,0,0,0,1,0,0,0,0,0,0,2,0,0,0,0,0,1,0,0,0,0,0,0,0,0,0,0,0,0,0,3,6,9
2020-09-09,0,0,0,0,0,0,0,0,0,1,0,0,0,0,0,0,0,1,0,0,6,0,0,0,0,0,0,0,0,0,0,0,0,0,0,8,8
2020-09-10,0,0,0,0,0,0,0,0,0,0,1,0,0,0,0,0,0,1,0,0,2,0,0,0,0,0,0,0,0,0,0,0,0,0,5,4,9
2020-09-11,0,0,0,0,0,0,0,0,0,1,0,0,0,0,1,0,0,0,0,0,2,0,0,0,0,0,0,0,0,0,0,0,0,0,4,4,8
2020-09-12,0,0,0,0,0,0,0,0,0,0,0,0,0,0,0,0,0,0,1,0,3,0,0,0,0,0,0,0,0,0,0,0,0,0,5,4,9
2020-09-13,0,0,0,0,0,0,0,0,0,0,2,0,0,0,0,0,1,0,0,1,0,0,0,0,0,0,0,0,0,0,0,0,0,0,3,4,7
2020-09-14,0,1,0,0,0,0,0,0,0,0,0,0,0,0,0,0,0,0,0,0,1,0,0,0,0,0,0,0,0,0,0,0,0,0,2,2,4
2020-09-15,0,0,0,0,1,1,0,1,0,0,0,0,0,0,1,0,0,0,0,1,3,0,0,1,0,0,0,0,0,0,0,0,0,0,3,9,12
2020-09-16,0,0,0,0,0,1,1,0,0,0,0,0,0,0,1,0,1,0,0,0,2,0,0,0,0,0,0,0,0,0,0,0,0,0,4,6,10
2020-09-17,0,0,0,0,2,1,0,2,1,0,0,0,0,0,1,2,1,0,0,0,1,0,0,0,1,0,0,0,0,0,0,0,0,0,7,12,19
2020-09-18,0,0,0,0,0,1,0,0,1,0,0,1,1,0,0,0,0,0,0,0,0,0,0,0,0,0,0,0,0,0,0,0,0,0,14,4,18
2020-09-19,0,2,0,0,0,1,0,0,0,0,0,2,0,0,1,1,0,0,0,0,2,0,0,0,0,0,0,0,0,0,0,0,0,1,9,10,19
2020-09-20,1,0,0,0,0,0,0,0,2,0,0,3,0,0,2,0,0,0,0,0,2,0,0,0,0,0,0,0,1,0,0,0,0,0,2,11,13
2020-09-21,0,1,0,1,0,0,0,0,-1,0,0,0,1,0,0,0,0,0,0,0,0,0,0,0,0,0,0,0,0,0,0,0,0,0,8,2,10
2020-09-22,0,2,0,0,0,0,1,2,0,0,0,1,0,0,1,2,0,0,0,0,0,0,0,0,0,0,0,0,0,0,0,0,0,0,7,9,16
2020-09-23,0,1,0,0,0,0,1,1,0,0,0,0,0,0,0,0,1,0,0,0,0,0,0,0,0,0,0,0,1,0,1,0,0,0,4,6,10
2020-09-24,0,3,1,0,1,0,0,0,0,1,1,0,1,0,2,0,1,0,0,0,0,1,0,0,0,0,0,0,0,0,1,0,0,0,7,13,20
2020-09-25,0,0,0,0,0,0,0,0,0,0,0,0,0,0,0,0,0,0,0,0,1,0,0,0,0,0,0,0,0,0,0,0,0,0,6,1,7
2020-09-26,0,0,0,0,1,2,0,2,0,0,0,0,3,0,0,0,0,0,0,0,0,0,0,0,0,0,0,0,1,0,0,0,0,0,5,9,14
2020-09-27,0,0,0,0,0,0,0,1,0,0,0,0,0,1,0,1,0,0,0,0,1,0,0,0,0,0,0,0,0,0,0,0,0,0,6,4,10
2020-09-28,1,2,0,0,0,0,0,0,0,0,2,0,0,0,0,1,0,0,0,0,1,0,0,0,0,0,0,0,0,0,0,0,0,0,6,7,13
2020-09-29,0,0,0,0,0,0,0,0,0,0,0,0,0,0,0,0,0,0,0,0,0,1,0,0,0,0,0,0,0,0,1,0,0,0,4,2,6
2020-09-30,0,2,0,0,0,0,1,0,1,4,1,1,0,0,0,3,0,0,0,0,0,0,0,0,0,0,0,0,0,0,0,0,1,0,5,14,19
2020-10-01,1,1,1,0,0,1,0,0,1,4,0,-1,0,0,0,1,0,0,0,0,3,0,0,0,0,0,0,1,0,0,1,0,0,0,4,14,18
2020-10-02,2,0,0,0,0,1,1,3,0,3,0,0,0,0,1,0,0,0,0,0,2,1,0,0,0,0,0,3,0,0,1,0,0,0,6,18,24
2020-10-03,0,0,0,0,0,0,0,1,0,3,0,0,0,0,0,0,0,0,0,0,0,0,0,0,0,0,0,4,0,0,1,0,0,0,2,9,11
2020-10-04,2,0,0,0,0,0,1,1,0,1,1,0,0,0,0,0,0,0,0,0,3,0,0,0,0,0,0,3,0,0,0,0,0,0,3,12,15
2020-10-05,1,0,0,0,0,0,0,0,2,5,0,0,0,1,0,0,0,0,0,0,0,0,0,0,0,0,1,1,0,0,2,0,0,0,4,13,17
2020-10-06,0,1,0,0,0,0,1,0,-1,5,0,-1,0,0,0,0,0,0,0,0,1,0,0,1,0,0,0,0,0,0,0,0,1,0,3,8,11
2020-10-07,0,0,1,0,1,0,0,2,0,2,1,0,0,0,2,0,0,0,0,0,0,0,0,0,0,0,0,4,0,0,0,0,0,0,9,13,22
2020-10-08,2,4,1,1,1,0,1,1,0,1,0,0,0,0,3,0,0,1,0,0,0,0,0,1,0,1,0,1,0,0,0,0,0,0,4,19,23
2020-10-09,3,1,1,1,0,0,1,1,0,3,0,0,0,0,2,0,1,0,0,0,0,0,0,0,0,0,0,6,0,0,0,0,1,0,7,21,28
2020-10-10,8,0,1,0,1,0,0,1,0,4,0,0,0,0,4,1,1,0,0,0,1,0,2,2,0,2,0,3,0,0,0,0,0,0,6,31,37
2020-10-11,32,0,1,0,0,0,2,0,0,3,0,0,0,1,1,0,0,0,0,0,0,0,0,1,0,1,0,0,0,0,0,0,0,0,7,42,49
2020-10-12,5,1,0,0,0,1,0,7,0,0,0,0,0,0,4,0,2,0,0,0,0,0,0,0,0,0,0,4,0,0,0,0,0,0,7,24,31
2020-10-13,9,0,1,0,0,1,1,4,1,0,0,0,0,0,2,0,0,0,0,0,0,0,0,0,0,1,0,0,0,0,0,0,0,1,3,21,24
2020-10-14,1,0,0,0,1,3,0,0,1,5,0,0,0,1,1,0,1,0,1,0,2,0,1,3,0,6,0,2,0,0,0,0,0,0,7,29,36
2020-10-15,2,0,0,0,1,1,0,1,0,0,0,0,0,0,2,1,2,2,0,0,0,1,4,0,0,0,0,0,0,0,1,1,0,1,6,20,26
2020-10-16,13,0,0,0,0,0,2,6,0,3,0,2,0,1,8,0,0,0,0,0,0,1,0,-1,0,2,0,1,0,0,1,0,0,1,14,40,54
2020-10-17,11,0,0,0,1,0,0,4,0,1,0,0,0,1,2,0,1,0,0,0,0,1,0,1,0,0,0,0,0,0,0,0,0,1,11,24,35
2020-10-18,4,0,1,0,1,0,0,1,0,2,0,0,0,1,4,1,0,0,0,0,4,1,1,0,0,0,0,0,0,0,0,3,2,3,17,29,46
2020-10-19,1,0,0,0,1,3,1,8,0,0,0,1,0,2,2,0,3,0,0,0,1,1,2,0,0,0,0,0,0,1,0,0,1,0,15,28,43
2020-10-20,2,0,0,0,1,1,1,1,0,0,0,0,0,0,0,0,0,0,0,0,1,1,0,0,0,0,0,1,0,1,1,0,1,0,7,12,19
2020-10-21,6,0,1,0,2,2,0,4,3,2,0,1,2,0,2,1,0,1,0,0,2,0,1,0,0,2,0,2,0,0,0,0,0,0,21,34,55
2020-10-22,10,0,1,0,1,3,2,4,4,0,0,0,0,2,1,0,8,0,0,0,3,0,0,0,0,0,0,0,0,1,3,3,0,0,24,46,70
2020-10-23,11,0,1,0,1,2,1,4,1,0,0,0,1,2,7,0,0,1,0,0,2,2,0,0,0,2,1,1,0,2,1,2,0,2,17,47,64
2020-10-24,6,0,1,0,2,0,0,3,1,5,1,0,0,1,5,0,0,1,0,0,7,1,0,0,0,0,0,1,0,0,1,0,0,0,31,36,67
2020-10-25,8,1,2,0,2,2,2,5,0,5,0,3,0,0,8,3,0,0,0,1,-1,0,1,3,0,0,3,2,3,3,0,0,0,0,23,56,79
2020-10-26,2,0,0,1,3,0,1,5,4,0,1,0,0,0,1,0,2,0,0,0,2,0,1,0,0,0,0,0,0,0,0,0,2,0,16,25,41
2020-10-27,2,1,2,0,4,0,0,7,0,4,1,1,0,0,5,1,1,1,0,0,2,4,5,1,3,0,0,2,0,4,0,0,1,0,25,52,77
2020-10-28,8,0,1,1,3,2,0,0,1,8,0,0,0,0,3,2,0,1,0,0,1,0,4,0,1,0,1,1,1,0,0,0,1,0,24,40,64
2020-10-29,17,0,0,3,3,2,6,7,2,12,0,8,0,2,10,3,2,1,1,1,8,2,5,0,2,0,0,2,0,2,2,2,0,1,25,106,131
2020-10-30,4,1,2,0,4,1,1,10,1,5,1,3,3,1,10,5,4,3,2,1,4,2,12,2,4,0,0,1,3,2,1,0,0,0,28,93,121
2020-10-31,14,2,2,0,1,2,4,8,1,13,0,2,0,1,6,7,1,2,0,0,13,2,18,1,2,0,1,1,0,1,2,1,0,0,46,108,154
2020-11-01,13,2,1,4,11,2,5,7,3,6,1,4,4,0,8,3,2,2,0,1,7,4,6,3,4,0,0,0,0,0,3,1,0,1,51,108,159
2020-11-02,0,0,1,0,2,1,4,5,0,5,2,4,0,0,1,4,3,0,0,0,0,2,1,0,0,1,0,0,2,0,3,0,0,0,16,41,57
2020-11-03,6,4,7,0,3,3,1,2,0,16,2,4,0,1,6,1,4,0,0,2,6,0,2,0,1,0,0,3,2,0,0,0,0,0,27,76,103
2020-11-04,11,0,4,3,5,0,2,8,2,3,3,0,1,1,5,3,1,0,0,0,3,5,3,6,1,0,0,0,0,4,2,0,1,1,32,78,110
2020-11-05,16,1,2,3,10,3,4,7,2,6,5,1,0,1,8,4,1,1,3,1,12,1,0,1,2,0,0,1,2,0,5,4,2,0,41,109,150
2020-11-06,16,2,2,2,12,10,10,13,3,4,4,1,0,3,13,9,3,1,3,1,10,1,6,4,1,0,2,1,2,1,2,3,2,1,39,148,187
2020-11-07,5,1,6,1,9,0,7,8,5,1,-1,2,0,2,5,7,4,0,0,0,6,2,2,7,0,3,1,2,4,1,-1,1,0,2,33,92,125
2020-11-08,5,0,3,0,3,6,5,9,0,3,1,2,1,1,11,7,1,0,0,1,10,0,0,1,0,0,0,0,2,0,3,1,1,1,22,78,100
2020-11-09,13,1,1,0,16,1,5,9,0,1,0,0,0,1,5,4,3,1,0,1,3,1,0,1,3,0,0,0,1,1,1,3,3,0,15,79,94
2020-11-10,20,0,0,7,10,2,4,6,1,5,1,0,1,-1,3,2,2,0,0,1,2,1,0,2,0,1,0,0,2,0,0,1,0,0,24,73,97
2020-11-11,11,1,0,1,1,3,5,11,3,7,0,0,0,4,8,3,6,3,0,0,15,1,2,12,2,3,0,0,1,1,4,0,0,1,24,109,133
2020-11-12,13,1,2,1,3,4,17,16,5,7,2,7,1,4,16,14,2,0,1,2,27,4,2,3,0,2,0,5,2,1,0,6,3,0,36,173,209
2020-11-13,19,2,1,1,5,3,14,19,3,1,3,0,1,0,12,5,8,2,1,5,19,2,2,4,1,1,0,2,4,1,10,3,2,0,34,156,190
2020-11-14,5,2,0,4,9,1,5,8,2,6,1,0,2,0,35,4,6,1,0,3,14,2,1,1,0,4,0,6,0,3,6,4,1,0,38,136,174
2020-11-15,4,2,0,0,3,1,3,6,1,9,1,1,2,0,8,1,3,0,0,1,15,4,0,2,0,0,0,1,0,1,0,1,0,0,10,70,80
2020-11-16,14,0,0,0,2,4,4,8,2,3,0,2,4,3,30,2,6,1,0,1,4,4,1,3,1,0,0,1,2,1,1,1,0,1,23,106,129
2020-11-17,19,1,0,1,5,2,1,11,1,2,0,0,19,6,58,3,3,0,1,0,12,3,0,4,0,1,0,3,1,0,1,0,1,1,22,160,182
2020-11-18,7,0,2,2,0,0,1,2,2,12,1,0,3,0,16,0,2,1,0,1,16,0,2,11,1,4,0,1,1,0,2,0,0,0,25,90,115
2020-11-19,24,2,0,3,5,6,7,12,1,6,6,2,1,6,37,2,4,0,0,3,34,2,2,7,0,2,0,2,0,0,12,0,8,1,44,197,241
2020-11-20,8,12,0,4,3,3,3,24,3,12,2,4,3,6,27,2,12,0,0,0,16,1,1,7,3,3,0,0,1,3,11,2,0,2,48,178,226
2020-11-21,18,1,1,0,8,4,4,8,2,22,0,0,1,2,24,2,16,0,0,0,11,3,5,2,2,0,0,2,2,4,3,0,0,2,41,149,190
2020-11-22,13,1,2,1,7,2,5,8,1,9,0,2,5,2,41,4,2,0,0,5,9,4,3,0,0,3,0,0,1,1,10,0,1,0,37,142,179
2020-11-23,0,0,0,8,1,1,1,5,1,3,0,0,0,1,0,2,2,0,0,0,0,1,0,1,0,0,0,0,0,0,0,0,0,0,11,27,38
2020-11-24,3,1,2,1,0,2,3,4,3,6,9,0,1,2,19,2,6,0,1,0,3,0,1,12,0,2,0,0,0,3,3,1,0,0,30,90,120
2020-11-25,9,0,4,0,6,0,0,5,2,4,1,0,5,3,11,2,0,1,1,3,11,2,0,9,1,0,0,0,0,2,9,0,0,0,25,91,116
2020-11-26,7,4,1,1,2,7,6,14,0,12,3,2,2,0,19,2,4,0,0,1,7,1,0,0,0,0,0,0,0,1,6,1,0,1,48,104,152
2020-11-27,15,1,2,0,7,2,9,7,2,6,2,0,4,2,15,3,8,2,0,3,18,1,2,4,0,0,0,0,1,0,6,1,0,0,61,123,184
2020-11-28,8,4,1,5,1,1,5,2,1,5,8,4,0,1,13,7,3,3,1,2,5,1,3,4,1,0,0,1,0,0,2,0,1,0,39,93,132
2020-11-29,5,0,0,5,4,1,2,2,0,0,3,1,4,3,9,3,4,0,0,0,6,1,1,3,0,0,0,0,1,0,2,0,2,0,27,62,89
2020-11-30,2,1,0,6,4,2,4,2,3,2,2,0,0,2,6,3,0,0,1,0,3,1,1,3,0,0,0,0,1,2,13,0,2,1,39,67,106
2020-12-01,2,0,1,20,2,0,2,3,0,2,1,0,0,1,6,3,2,0,0,0,5,0,3,-2,0,0,0,1,-1,1,11,2,0,0,36,65,101
2020-12-02,1,0,1,8,1,2,3,4,3,0,6,3,2,1,8,2,5,0,0,0,5,0,3,15,0,2,1,0,2,0,1,0,0,1,50,80,130
2020-12-03,8,3,3,0,3,1,5,11,6,6,2,1,3,5,7,3,7,0,0,2,13,0,4,13,0,0,1,1,2,0,8,0,1,1,44,120,164
2020-12-04,7,1,1,-1,11,4,4,3,3,9,4,5,0,1,10,7,4,0,0,0,4,0,1,12,0,0,0,0,0,0,1,0,0,0,69,91,160
2020-12-05,2,1,4,3,3,1,4,3,5,3,2,2,0,1,6,1,9,0,0,1,2,0,1,7,0,1,0,0,1,0,2,0,5,0,31,70,101
2020-12-06,5,6,3,8,6,2,7,3,3,3,1,2,1,6,13,1,1,1,0,1,7,0,1,3,0,0,0,3,0,4,5,0,0,2,31,98,129
2020-12-07,2,3,1,0,0,0,4,0,0,1,0,0,0,0,6,0,2,0,0,0,1,0,0,3,1,0,0,0,0,0,0,0,0,0,10,24,34
2020-12-08,15,1,3,4,0,1,1,8,2,7,12,2,0,2,1,1,8,1,0,0,0,0,-1,1,0,0,0,1,3,0,1,0,-5,0,32,69,101
2020-12-09,1,0,1,2,1,0,2,3,2,6,1,1,4,2,4,0,2,1,0,0,2,0,0,0,0,1,0,0,0,1,0,0,0,0,35,37,72
2020-12-10,13,6,1,2,5,2,9,4,11,6,30,7,5,2,8,7,5,0,1,0,1,0,1,2,0,1,0,-1,-1,1,1,-1,-1,0,37,127,164
2020-12-11,11,2,2,0,1,2,1,2,2,4,13,2,2,0,4,1,2,1,1,1,8,1,0,1,0,0,0,0,1,0,5,0,1,0,55,71,126
2020-12-12,2,4,1,3,6,2,2,3,6,8,8,-1,4,0,10,1,0,2,0,0,3,0,4,0,0,1,0,1,2,0,2,0,1,1,37,76,113
2020-12-13,7,4,1,0,1,1,3,0,0,1,17,7,2,2,10,1,1,1,0,2,9,0,3,2,0,1,0,0,0,0,7,0,0,0,31,83,114
2020-12-14,2,6,1,1,4,0,3,2,0,2,0,0,3,0,4,0,4,0,0,0,0,-1,0,1,0,0,0,0,0,0,6,0,2,0,14,40,54
2020-12-15,2,4,10,2,1,1,0,1,1,2,4,7,2,0,3,4,1,3,1,0,0,0,2,0,0,0,0,0,0,0,11,1,0,0,21,63,84
2020-12-16,2,3,0,0,1,2,2,5,5,3,1,2,2,0,11,0,3,0,0,1,1,1,0,1,0,0,0,0,1,1,3,-1,2,0,24,52,76
2020-12-17,7,4,0,4,6,3,7,4,4,13,5,3,4,1,10,1,11,7,0,1,5,0,3,-1,0,1,2,1,0,1,6,0,1,2,42,116,158
2020-12-18,2,4,3,3,8,3,14,8,1,10,3,3,1,5,20,1,24,0,0,1,4,2,2,4,0,0,0,0,0,1,3,5,2,1,43,138,181
2020-12-19,5,2,2,1,6,1,6,0,1,7,4,0,0,1,18,2,8,1,1,0,3,0,0,0,0,0,0,0,1,0,11,1,1,0,35,83,118
2020-12-20,6,0,0,4,8,6,7,7,1,10,3,4,1,3,24,0,4,1,0,1,4,0,9,1,0,3,0,0,1,0,3,0,0,2,35,113,148
2020-12-21,8,7,0,0,2,3,10,7,1,4,1,0,2,3,25,1,12,1,0,0,1,0,2,2,0,0,0,0,0,0,1,0,0,0,19,93,112
2020-12-22,1,1,1,0,0,0,1,5,4,6,0,1,2,2,10,0,5,-1,0,0,1,0,-1,1,0,0,0,0,0,0,1,0,2,1,21,43,64
2020-12-23,5,-1,0,1,1,2,1,2,1,1,-1,2,1,1,14,0,3,2,0,1,0,0,4,-1,1,2,0,0,0,0,2,0,0,0,35,44,79
2020-12-24,5,7,1,4,9,11,5,6,10,9,2,1,5,1,23,2,17,3,0,2,8,0,0,4,-1,1,0,1,-1,0,2,0,0,0,60,137,197
2020-12-25,2,0,7,3,10,3,5,13,1,5,0,1,5,3,25,1,7,1,2,0,5,1,5,2,1,0,0,3,2,1,6,1,1,0,40,122,162
2020-12-26,3,0,2,3,8,3,5,6,4,5,0,0,1,2,11,1,9,0,0,2,2,2,0,0,1,1,0,0,4,0,2,0,1,0,38,78,116
2020-12-27,3,0,-1,2,0,1,0,0,-2,2,4,0,1,0,5,0,4,0,0,0,2,1,2,-1,0,0,0,0,0,0,1,0,0,1,18,25,43
2020-12-28,1,0,0,0,0,1,1,4,1,0,1,0,1,2,2,0,3,0,0,0,0,-1,3,0,0,0,0,0,0,0,-1,0,0,0,21,18,39
2020-12-29,1,1,3,3,7,2,2,3,18,11,3,3,1,-1,19,0,8,4,1,-1,3,0,3,0,1,0,0,0,1,0,3,1,2,0,58,102,160
2020-12-30,5,0,5,2,2,2,3,3,1,2,1,3,5,3,8,4,0,0,1,0,2,1,1,3,0,0,0,1,2,0,2,0,0,0,21,62,83
2020-12-31,7,7,3,9,1,4,7,10,2,16,4,2,8,7,31,5,15,7,0,0,2,0,2,3,0,2,0,2,-1,2,6,1,1,0,53,165,218
2021-01-01,5,6,2,1,4,1,11,4,5,12,1,3,0,6,18,0,5,1,0,0,5,1,2,1,0,0,0,1,0,1,0,2,0,0,39,98,137
2021-01-02,1,1,2,2,0,6,0,3,2,4,1,0,1,0,9,1,6,1,1,0,2,0,2,0,0,0,0,1,0,0,1,0,0,0,21,47,68
2021-01-03,0,3,0,2,3,0,0,1,6,6,0,0,0,3,11,1,5,0,0,0,5,0,1,0,1,0,0,0,0,1,0,0,1,0,24,50,74
2021-01-04,0,0,0,3,0,0,6,1,4,2,2,1,2,0,6,0,1,0,0,1,8,1,0,3,0,0,0,0,0,0,2,0,0,0,6,43,49
2021-01-05,0,3,2,1,2,0,4,4,30,3,1,6,-2,1,4,1,3,1,0,0,5,0,2,3,0,0,0,2,0,1,0,0,0,0,30,77,107
2021-01-06,2,5,4,4,8,1,5,2,2,8,4,2,2,4,17,2,5,2,0,0,5,0,1,1,0,1,0,0,0,0,-1,2,1,0,35,89,124
2021-01-07,3,5,1,1,5,4,14,10,10,5,1,1,0,5,11,5,6,2,2,4,10,2,1,3,0,6,0,0,0,3,4,1,0,-1,46,124,170
2021-01-08,2,1,1,2,7,3,7,6,7,8,0,3,2,3,13,3,9,0,2,2,7,4,3,4,1,0,0,0,3,0,1,3,0,0,63,107,170
2021-01-09,5,6,2,5,8,4,10,9,1,7,4,0,1,-1,18,4,1,0,2,0,8,5,6,2,0,3,0,1,1,0,1,1,2,0,60,116,176
2021-01-10,1,0,0,0,1,0,3,4,1,-1,2,3,0,1,3,2,1,1,0,0,7,5,1,0,1,0,0,0,0,0,0,0,0,0,10,36,46
2021-01-11,3,3,3,0,0,1,4,-1,5,6,0,0,2,0,3,4,1,1,1,1,7,9,3,3,0,0,0,1,0,1,2,1,4,0,33,68,101
2021-01-12,2,0,1,4,1,1,4,1,1,6,2,1,0,1,1,0,1,0,1,0,0,0,1,2,0,0,1,-1,0,0,1,0,1,0,17,33,50
2021-01-13,1,0,1,1,4,1,0,4,2,2,4,1,1,3,1,2,-1,3,1,-1,0,1,2,5,0,1,1,0,0,1,1,0,2,0,18,44,62
2021-01-14,5,2,3,5,3,3,5,15,4,3,3,8,6,0,11,0,0,3,0,1,12,5,5,2,2,0,1,1,0,1,2,1,2,0,38,114,152
2021-01-15,3,5,-1,0,4,5,1,3,-1,6,3,0,1,2,7,4,3,1,0,1,2,3,1,1,0,0,0,6,2,0,0,0,0,0,35,62,97
2021-01-16,2,2,0,1,1,3,-1,7,1,4,0,2,0,0,10,3,2,0,0,0,8,4,0,0,0,1,2,0,0,0,1,1,1,0,13,55,68
2021-01-17,2,1,1,2,1,2,0,5,4,3,1,0,3,0,16,1,4,5,1,1,2,1,0,1,1,0,0,0,0,0,3,0,0,0,30,61,91
2021-01-18,0,4,2,0,0,0,1,1,1,0,4,2,0,0,2,2,2,0,1,0,1,0,0,1,0,1,0,0,0,0,0,0,2,0,16,27,43
2021-01-19,1,1,0,0,3,0,1,11,0,4,-1,1,0,0,3,2,0,0,-1,0,0,0,0,1,0,1,5,0,0,0,2,0,0,0,13,34,47
2021-01-20,1,2,1,-1,1,0,1,2,-1,0,0,0,0,0,5,0,2,0,0,0,1,2,2,2,0,1,0,0,0,0,0,0,0,0,5,21,26
2021-01-21,3,13,0,0,5,2,2,6,1,3,10,1,2,0,13,3,1,5,0,0,8,0,0,1,0,2,0,3,0,0,1,0,1,0,24,86,110
2021-01-22,1,2,0,0,7,0,0,2,0,0,-3,0,4,1,7,0,4,1,0,0,9,0,7,2,2,0,1,0,0,0,1,0,0,0,25,48,73
2021-01-23,0,8,0,1,6,3,1,9,1,5,5,2,0,2,12,3,2,0,0,0,3,0,3,3,1,1,0,1,1,0,2,3,2,0,33,80,113
2021-01-24,3,1,0,0,4,1,0,5,2,0,2,4,0,0,3,0,1,1,0,0,5,0,0,1,0,1,0,1,0,0,0,0,1,0,12,36,48
2021-01-25,11,2,0,1,1,0,0,0,0,1,1,0,2,2,6,1,1,0,0,0,1,1,3,1,0,0,0,0,0,1,0,3,0,1,5,40,45
2021-01-26,0,2,1,1,3,0,0,2,0,2,1,-1,0,0,4,0,0,4,0,0,2,0,1,2,0,0,0,3,0,0,0,0,0,0,6,27,33
2021-01-27,0,0,0,-1,4,0,0,1,2,-1,2,0,1,3,5,0,0,3,1,0,3,0,0,-1,0,0,0,1,1,-1,-1,0,2,0,9,24,33
2021-01-28,3,1,0,0,11,1,6,5,2,2,0,0,0,1,4,1,3,2,0,1,6,3,2,3,0,1,0,1,0,0,1,2,0,0,39,62,101
2021-01-29,0,0,0,0,2,1,3,1,5,1,0,0,0,1,7,0,0,1,0,0,2,2,1,0,0,0,0,0,0,1,0,0,0,0,9,28,37
2021-01-30,2,4,0,1,4,0,3,3,2,0,0,1,0,0,14,-1,3,5,1,2,5,0,1,1,0,0,0,1,0,0,0,0,0,0,25,52,77
2021-01-31,1,-1,0,0,2,4,3,0,3,1,0,0,0,1,5,0,2,1,1,0,3,0,0,1,0,0,0,1,0,0,1,0,0,0,22,29,51
2021-02-01,0,1,0,0,1,2,0,0,2,3,0,2,0,0,5,1,0,0,1,1,3,0,3,1,0,0,1,0,0,1,1,0,2,0,18,31,49
2021-02-02,1,1,0,0,3,0,-1,1,1,5,0,0,0,1,2,1,0,3,0,-1,2,0,-1,0,0,2,0,0,1,0,-2,0,0,0,2,19,21
2021-02-03,2,1,0,0,1,0,3,0,4,1,0,2,0,1,4,0,1,0,0,0,1,0,0,1,0,0,0,0,0,0,0,0,1,0,9,23,32
2021-02-04,3,3,2,1,8,1,2,8,3,2,0,2,0,0,22,3,1,4,0,1,11,1,1,2,0,0,0,0,0,0,1,0,0,0,18,82,100
2021-02-05,1,1,0,0,3,0,0,2,-1,3,0,0,0,0,11,0,1,0,1,0,2,0,0,2,0,0,0,1,0,0,0,1,0,0,14,28,42
2021-02-06,1,1,1,0,16,1,0,0,2,0,0,0,0,0,16,0,1,1,0,2,4,0,0,1,0,0,0,0,1,0,2,0,2,0,9,52,61
2021-02-07,2,0,0,0,1,0,1,2,2,2,0,2,1,0,7,0,0,0,0,0,3,0,1,1,0,0,0,1,0,0,3,1,-1,0,8,29,37
2021-02-08,1,1,1,0,1,0,0,1,4,0,0,1,0,1,4,0,0,0,0,0,1,0,0,0,0,0,0,0,0,0,0,0,0,0,7,16,23
2021-02-09,0,0,4,1,1,0,1,3,0,0,0,0,2,0,8,1,0,0,0,0,4,0,0,2,0,0,0,6,0,0,0,0,0,0,10,33,43
2021-02-10,0,1,3,0,3,0,0,0,3,1,0,0,0,-1,3,0,1,0,0,0,2,0,0,0,0,0,0,0,0,0,0,0,0,0,13,16,29
2021-02-11,1,2,3,0,2,0,2,4,3,1,0,3,0,0,9,2,1,7,1,0,11,1,0,3,1,0,0,0,0,0,3,0,0,0,26,60,86
2021-02-12,3,3,4,0,0,0,3,2,5,12,0,0,3,1,26,0,3,0,0,0,2,1,2,2,0,0,0,4,1,2,0,1,1,0,44,81,125
2021-02-13,2,2,1,1,0,2,0,2,0,9,0,1,0,0,6,1,3,1,0,7,5,1,-1,0,0,0,0,0,0,0,0,0,0,0,23,43,66
2021-02-14,5,0,2,0,2,0,0,2,3,5,0,0,0,0,13,1,1,1,0,0,3,3,0,2,0,1,0,0,1,0,0,1,0,0,19,46,65
2021-02-15,0,6,0,1,8,1,5,7,0,8,0,1,6,1,5,2,3,1,0,0,5,-1,0,0,0,0,0,1,0,0,0,0,0,0,44,60,104
2021-02-16,2,4,1,1,11,0,1,1,2,10,0,1,0,3,8,1,5,-1,0,0,2,0,0,0,1,0,0,0,0,0,0,0,0,0,63,53,116
2021-02-17,1,0,0,1,2,1,0,0,2,4,2,1,3,1,5,0,0,1,1,0,1,1,1,3,0,1,0,0,0,0,1,0,0,0,30,33,63
2021-02-18,0,1,5,0,1,1,0,3,1,11,0,0,1,0,16,2,0,-1,1,0,3,2,3,0,2,3,0,4,0,0,0,0,0,0,23,59,82
2021-02-19,2,1,3,0,7,2,0,4,0,5,0,0,1,-1,13,1,4,-1,1,0,4,2,1,0,0,0,0,0,0,0,1,0,1,0,24,51,75
2021-02-20,0,0,0,0,2,1,0,0,0,1,1,2,1,0,10,1,0,0,1,1,4,1,1,0,0,0,0,0,0,0,1,1,0,0,28,29,57
2021-02-21,1,2,2,1,1,3,2,1,0,6,0,1,3,2,6,0,2,0,0,0,9,0,0,1,0,0,0,0,0,0,1,0,0,0,28,44,72
2021-02-22,0,3,-1,2,10,2,0,2,1,2,0,0,0,0,1,0,1,0,0,0,12,2,1,0,0,0,0,1,0,0,0,0,0,0,17,39,56
2021-02-23,0,0,1,0,4,0,0,1,2,1,0,0,1,2,10,0,0,0,1,0,1,0,2,1,0,0,0,1,0,0,0,0,0,0,24,28,52
2021-02-24,0,0,0,0,1,1,0,1,0,2,0,0,1,0,1,0,1,3,1,0,6,0,1,0,0,0,0,0,0,0,0,0,0,0,2,19,21
2021-02-25,1,0,0,0,2,2,0,2,4,5,0,0,4,2,7,1,0,1,0,0,13,0,0,3,0,0,1,0,0,0,0,0,0,0,36,48,84
2021-02-26,3,2,3,0,1,4,0,0,0,4,2,1,0,0,5,2,3,0,1,0,3,0,0,1,0,0,0,0,0,0,0,0,0,0,33,35,68
2021-02-27,2,1,0,0,6,0,1,1,2,4,0,0,1,0,11,3,3,0,0,0,4,0,0,3,0,0,0,0,0,0,0,0,0,0,30,42,72
2021-02-28,0,0,0,0,1,3,2,0,1,1,0,3,2,0,8,1,1,2,0,0,-1,-1,0,1,0,0,0,0,0,0,0,0,0,0,20,24,44
2021-03-01,3,2,0,1,2,2,1,3,0,1,0,0,0,3,5,0,1,1,0,0,0,0,0,0,0,0,0,0,0,0,0,0,0,0,20,25,45
2021-03-02,3,0,0,1,2,2,0,1,1,3,0,0,0,0,3,2,1,2,0,0,3,1,0,0,0,0,0,0,0,0,1,0,0,0,15,26,41
2021-03-03,5,1,0,1,1,1,1,0,-1,1,1,1,1,0,10,3,1,0,0,0,0,-2,0,0,0,1,3,0,0,0,0,0,0,0,25,29,54
2021-03-04,0,2,3,0,0,1,1,3,1,7,0,3,0,0,12,1,3,0,1,1,2,0,2,0,0,0,0,0,0,0,3,0,0,0,21,46,67
2021-03-05,5,0,0,0,2,2,2,2,1,5,1,0,2,1,10,2,0,1,-1,0,5,0,0,0,0,0,0,0,0,0,2,0,0,0,19,42,61
2021-03-06,0,0,2,0,4,0,1,0,1,4,2,1,0,0,14,1,1,0,0,0,2,0,2,0,0,0,0,0,0,0,1,0,0,0,23,36,59
2021-03-07,3,1,-1,1,5,2,0,0,2,4,2,3,0,0,17,1,2,0,0,0,0,0,3,1,0,0,0,0,0,0,0,0,0,0,21,46,67
2021-03-08,0,0,0,2,1,0,0,1,0,1,0,3,1,1,5,3,0,0,0,0,0,0,0,0,0,0,0,0,0,0,0,0,0,0,12,18,30
2021-03-09,2,1,4,0,4,0,1,1,1,2,2,0,5,0,9,1,4,0,0,0,1,0,2,0,0,0,0,0,0,0,2,1,0,0,38,43,81
2021-03-10,1,0,0,0,0,-1,2,3,0,1,0,2,2,0,10,0,1,0,0,0,0,0,1,1,1,2,0,0,0,0,0,1,-1,0,12,26,38
2021-03-11,2,4,0,2,4,2,2,7,1,6,2,0,6,1,8,1,0,0,0,1,5,2,2,0,0,5,0,1,0,0,1,0,0,1,42,66,108
2021-03-12,2,0,0,3,4,5,0,1,0,7,1,1,3,0,8,2,2,0,0,1,1,2,1,0,0,1,0,1,0,0,1,0,0,0,35,47,82
2021-03-13,1,1,0,0,0,2,3,3,0,3,1,0,2,0,8,0,2,0,0,1,2,5,0,0,0,0,3,1,0,0,0,0,0,0,51,38,89
2021-03-14,1,1,1,0,2,1,0,0,1,6,0,1,1,0,8,0,2,0,0,0,0,0,2,1,0,5,0,0,2,0,0,0,0,0,42,35,77
2021-03-15,0,0,0,0,3,0,0,2,1,2,0,0,1,0,9,0,0,0,0,0,1,0,1,0,0,0,0,0,1,0,0,0,0,0,20,21,41
2021-03-16,0,-1,2,2,4,2,5,0,2,7,0,1,7,2,5,2,3,0,0,0,0,1,1,0,0,3,1,0,0,0,0,0,0,0,51,49,100
2021-03-17,1,3,0,0,2,2,-1,4,1,2,0,2,1,0,6,0,1,1,1,0,3,1,3,2,0,2,0,0,-1,4,0,0,0,-1,54,39,93
2021-03-18,3,2,2,0,0,0,0,4,0,5,0,0,7,0,10,1,3,1,0,5,6,3,1,5,1,0,1,0,2,0,0,0,1,0,54,63,117
2021-03-19,0,1,0,1,3,1,1,6,0,5,0,1,1,1,14,0,1,0,0,0,4,1,3,5,1,1,0,2,2,0,0,0,-1,0,56,54,110
2021-03-20,0,0,3,0,3,2,0,6,3,7,1,0,2,1,9,1,7,0,0,1,0,5,4,7,1,11,0,1,1,1,2,0,1,0,38,80,118
2021-03-21,4,0,1,1,0,2,2,4,0,7,1,0,3,1,12,1,4,0,0,0,1,2,1,7,0,1,0,0,0,0,3,0,0,0,44,58,102
2021-03-22,3,0,0,3,4,0,5,4,2,7,1,0,3,3,13,1,3,0,0,1,0,9,1,1,1,0,0,-1,3,0,2,0,0,0,47,69,116
2021-03-23,2,-1,0,3,3,0,12,2,0,5,0,1,1,-1,2,0,2,1,0,0,-2,1,0,-1,2,0,0,0,0,0,0,0,0,0,13,32,45
2021-03-24,1,0,2,1,0,4,1,7,2,6,0,2,3,2,11,3,2,-1,0,0,4,0,4,8,0,3,0,1,2,0,0,0,0,0,56,68,124
2021-03-25,2,3,0,9,1,8,4,8,1,5,1,0,1,2,19,1,3,1,2,1,10,5,3,10,1,8,1,0,1,2,0,0,0,0,73,113,186
2021-03-26,2,0,1,9,6,0,5,13,7,9,0,1,2,0,10,2,4,0,0,0,3,1,3,7,0,2,2,0,5,1,1,4,0,0,67,100,167
2021-03-27,2,1,-1,0,8,4,5,6,1,3,0,0,1,2,18,1,1,0,0,0,5,3,1,9,0,5,0,0,1,0,3,0,0,0,41,79,120
2021-03-28,2,0,0,7,4,2,6,7,1,7,2,1,0,0,18,1,3,0,0,0,0,0,0,3,1,1,0,0,1,0,0,0,0,0,43,67,110
2021-03-29,8,0,0,3,1,3,10,4,0,1,0,0,1,2,13,7,1,0,0,0,2,0,0,0,0,0,0,1,0,0,0,1,2,0,34,60,94
2021-03-30,2,0,0,4,7,4,4,8,3,2,0,1,1,3,5,1,3,0,0,0,11,3,3,0,0,0,0,1,5,1,0,0,1,0,31,73,104
2021-03-31,0,0,-1,1,2,0,3,1,2,2,0,1,1,1,13,2,0,3,0,0,2,1,0,3,0,2,0,0,0,1,1,0,1,0,31,42,73
2021-04-01,2,0,1,2,8,3,9,9,2,3,2,0,2,3,10,0,0,1,0,0,11,3,3,2,0,0,0,1,0,0,2,0,1,0,43,80,123
2021-04-02,1,0,0,1,3,3,4,10,5,6,0,1,1,0,6,3,2,-1,1,0,3,1,1,1,0,0,1,0,1,1,1,2,0,0,33,58,91
2021-04-03,4,0,4,1,2,5,9,7,5,3,0,1,2,1,14,3,1,0,0,0,2,0,0,0,1,2,0,3,3,0,0,1,1,0,33,75,108
2021-04-04,-1,0,0,1,1,1,9,3,-1,3,0,0,0,0,2,0,1,0,0,0,3,1,0,0,0,0,0,0,2,0,0,0,1,0,12,26,38
2021-04-05,2,0,1,3,5,1,4,4,2,6,1,4,1,1,0,0,0,0,0,0,0,3,1,3,0,0,0,0,0,0,1,2,0,0,18,45,63
2021-04-06,2,0,3,0,1,0,2,0,4,0,0,1,-2,2,3,0,5,1,1,0,0,2,1,4,0,0,0,0,0,0,0,1,0,0,30,31,61
2021-04-07,1,0,0,1,2,2,3,8,0,3,0,0,3,0,4,0,0,1,2,0,2,2,0,1,1,0,0,2,0,0,0,2,0,0,25,40,65
2021-04-08,2,1,0,2,1,2,2,3,1,2,0,1,0,0,6,6,1,1,0,0,1,3,0,1,-1,0,0,1,0,1,0,4,2,0,49,43,92
2021-04-09,5,0,6,1,6,1,7,5,4,2,2,6,2,2,9,0,2,0,0,2,8,4,0,3,0,3,0,0,1,0,2,4,0,0,51,87,138
2021-04-10,0,3,3,3,12,2,1,2,2,1,0,0,2,10,10,1,0,1,0,0,6,1,1,1,0,1,0,0,0,0,2,0,1,0,34,66,100
2021-04-11,5,0,1,0,3,0,4,7,2,2,0,2,2,0,4,1,7,0,0,0,4,3,1,0,0,-1,0,1,0,0,0,1,0,0,32,49,81
2021-04-12,0,0,1,2,1,0,1,2,1,2,0,0,0,1,1,0,4,0,0,0,0,2,1,0,0,0,0,0,0,0,1,0,0,0,16,20,36
2021-04-13,1,3,1,3,3,0,1,7,2,6,0,4,2,3,9,3,0,0,0,0,0,0,4,0,0,0,0,0,0,0,0,1,0,0,31,53,84
2021-04-14,0,1,1,0,6,0,4,3,1,3,0,2,1,0,13,-1,3,1,0,0,4,10,1,1,0,1,0,0,0,0,1,0,0,0,37,56,93
2021-04-15,4,0,1,6,6,1,1,7,4,6,0,5,4,1,13,0,2,5,2,1,10,2,1,2,0,0,1,0,0,1,0,2,4,0,54,92,146
2021-04-16,1,2,0,1,7,2,6,17,4,8,0,2,2,1,7,1,3,0,0,0,9,1,3,1,1,0,0,0,0,0,0,2,1,0,67,82,149
2021-04-17,7,3,0,5,8,5,1,8,4,4,0,0,5,0,11,0,6,0,0,0,5,2,7,0,1,0,1,0,1,1,7,0,2,0,47,94,141
2021-04-18,1,0,0,1,2,0,1,2,3,11,0,2,1,1,7,0,3,0,0,0,1,1,6,0,0,0,0,0,0,1,1,0,2,0,43,47,90
2021-04-19,0,5,0,2,2,2,0,3,5,0,0,0,3,0,0,1,1,0,0,0,0,3,1,4,0,0,3,0,1,0,3,1,0,0,19,40,59
2021-04-20,2,3,2,1,4,3,1,9,9,16,0,5,1,1,6,1,12,0,0,0,2,0,2,2,0,0,1,0,-1,1,2,5,4,0,42,94,136
2021-04-21,1,5,1,1,7,2,2,3,0,4,1,2,0,0,10,2,2,0,0,0,0,0,1,2,0,2,1,2,0,0,1,1,0,0,38,53,91
2021-04-22,6,3,3,6,7,6,1,13,3,26,1,3,3,4,12,0,6,1,0,1,7,0,7,2,1,1,0,1,0,1,7,2,2,0,74,136,210
2021-04-23,1,2,2,2,1,1,0,10,1,15,2,3,8,0,16,1,8,2,2,0,9,0,-1,1,1,0,2,2,0,-1,4,0,2,0,60,96,156
2021-04-24,0,4,2,1,5,2,1,6,4,5,0,4,4,1,4,0,5,0,1,0,6,0,0,0,0,0,2,0,0,0,4,0,0,0,40,61,101
2021-04-25,0,9,0,0,6,2,0,5,4,6,0,1,4,-1,5,1,4,0,0,0,3,0,0,2,0,0,1,2,0,0,2,0,7,0,41,63,104
2021-04-26,3,-1,0,2,2,3,0,8,0,1,2,1,4,1,9,1,4,2,2,0,2,0,0,1,0,0,0,4,0,0,1,2,1,0,26,55,81
2021-04-27,0,1,2,2,4,3,1,4,3,8,0,0,4,0,3,0,2,0,0,0,0,0,-1,1,0,0,1,0,0,0,0,0,0,0,12,38,50
2021-04-28,1,1,0,1,-1,1,0,7,0,4,1,0,1,0,4,4,0,2,0,0,2,0,0,1,0,0,0,0,0,0,2,0,2,0,28,33,61
2021-04-29,1,4,1,4,7,6,2,18,3,8,1,3,2,1,9,0,4,0,0,0,18,1,0,4,0,2,1,1,0,0,3,0,9,0,39,113,152
2021-04-30,1,9,0,-2,8,-1,3,6,4,5,2,2,2,0,3,2,8,1,0,0,-1,0,0,1,0,0,0,0,-1,0,4,0,1,0,27,57,84
2021-05-01,0,0,-1,0,3,1,0,0,6,3,1,0,1,1,4,1,4,0,0,1,0,0,0,1,0,0,0,2,2,1,2,0,0,0,36,33,69
2021-05-02,4,4,2,1,6,2,1,5,6,8,1,4,0,0,4,0,7,1,0,0,2,0,1,1,0,0,0,2,2,0,3,0,6,1,32,74,106
2021-05-03,0,0,1,0,3,1,1,5,-1,1,0,0,0,0,3,0,1,0,0,0,1,0,0,0,0,0,0,1,0,0,1,0,0,0,17,18,35
2021-05-04,0,1,-1,3,2,1,0,1,6,3,0,0,0,0,6,0,1,0,0,0,1,0,0,0,0,0,0,0,1,0,2,0,3,0,30,30,60
2021-05-05,1,0,0,0,-1,0,0,0,0,4,0,0,3,0,0,0,0,1,1,0,1,0,0,0,0,0,0,0,0,0,0,0,0,0,13,10,23
2021-05-06,4,1,3,3,4,-1,1,11,6,6,0,4,2,1,5,-1,8,3,0,0,3,0,2,2,0,1,0,0,3,0,5,0,5,1,59,82,141
2021-05-07,1,1,0,2,1,0,0,4,9,5,0,0,1,0,1,0,2,0,0,0,0,0,3,0,0,0,0,0,0,0,6,1,2,0,25,39,64
2021-05-08,0,1,2,2,2,3,2,14,2,4,1,3,1,0,3,1,6,0,0,0,8,0,0,0,0,0,1,1,3,0,5,3,0,0,31,68,99
2021-05-09,1,0,0,1,4,0,0,4,5,1,1,1,4,0,4,1,2,1,0,0,1,0,0,0,0,0,1,0,0,0,1,0,1,0,35,34,69
2021-05-10,0,0,1,0,2,0,0,0,4,3,0,-1,0,2,0,0,2,2,0,0,1,1,0,1,0,0,0,0,0,0,-1,0,1,0,15,18,33
2021-05-11,5,0,4,1,5,0,0,5,1,1,0,1,0,-1,3,0,1,0,0,0,1,0,1,0,0,0,0,0,1,1,4,0,0,0,21,34,55
2021-05-12,1,0,0,0,0,0,0,3,2,-1,4,1,3,0,10,0,0,0,0,1,0,0,0,0,0,0,0,0,0,0,3,0,4,0,17,31,48
2021-05-13,2,1,0,1,3,2,5,4,2,7,0,1,2,1,12,1,1,-1,0,0,3,1,0,0,1,0,0,0,0,0,8,2,1,0,46,60,106
2021-05-14,-1,0,0,2,1,0,0,2,1,2,1,0,1,0,3,2,1,0,0,1,2,0,0,1,0,0,0,0,0,0,0,0,0,1,26,20,46
2021-05-15,1,0,1,1,3,1,2,2,6,2,0,0,0,0,4,4,1,1,0,0,0,0,0,0,0,0,0,0,1,0,0,0,0,0,13,30,43
2021-05-16,0,0,1,1,0,1,3,0,2,0,0,0,0,0,7,0,0,0,0,0,1,0,1,0,0,0,0,0,0,0,3,0,0,0,9,20,29
2021-05-17,0,0,1,0,4,1,0,2,1,1,1,2,1,0,3,2,1,0,0,0,0,0,0,0,0,0,0,0,0,0,6,1,0,0,28,27,55
2021-05-18,0,0,0,2,1,0,1,3,0,1,0,0,0,0,3,2,4,0,0,1,0,0,0,1,0,0,0,0,0,0,0,0,0,0,7,19,26
2021-05-19,1,0,0,1,-1,1,3,1,5,0,0,0,0,0,0,1,2,0,0,0,0,0,0,0,0,0,0,0,0,0,0,0,0,0,9,14,23
2021-05-20,2,0,0,4,0,2,2,5,3,1,1,1,0,1,3,1,4,0,0,1,8,0,2,0,0,0,0,0,0,0,1,1,1,0,27,44,71
2021-05-21,1,0,1,0,2,1,1,1,1,0,1,0,-1,0,1,3,0,1,0,0,1,0,0,2,0,0,0,0,0,1,0,0,0,0,17,17,34
2021-05-22,1,0,0,1,0,0,1,2,1,0,0,0,1,0,-1,1,0,0,0,0,0,0,0,0,0,0,0,0,0,0,0,0,2,0,7,9,16
2021-05-23,1,0,0,0,0,0,0,1,0,0,1,0,0,0,3,0,1,0,0,0,1,0,0,1,0,0,0,0,0,0,0,0,0,0,8,9,17
2021-05-24,1,0,0,0,0,1,1,0,2,0,6,0,0,0,2,0,1,0,0,0,2,0,0,0,0,0,0,0,0,0,0,1,0,0,5,17,22
2021-05-25,0,0,0,0,0,0,0,0,0,0,3,0,0,0,2,0,0,0,0,1,0,0,0,1,0,0,0,0,0,0,0,0,0,0,8,7,15
2021-05-26,0,0,1,0,-1,-1,2,1,0,1,0,1,0,0,0,0,2,0,0,0,-1,0,0,0,0,0,0,0,0,0,0,0,0,0,8,5,13
2021-05-27,1,0,0,1,6,1,0,2,1,0,0,0,0,1,2,1,6,0,0,0,4,0,0,0,0,0,0,0,0,0,0,0,0,0,10,26,36
2021-05-28,2,1,1,-1,-1,1,0,6,1,0,0,2,0,0,1,0,2,0,0,-1,2,0,0,0,0,1,0,0,0,0,1,0,0,0,8,18,26
2021-05-29,0,0,0,0,0,0,0,0,0,0,0,0,0,-1,3,0,2,0,0,0,2,0,0,0,0,0,0,0,1,0,0,0,0,0,7,7,14
2021-05-30,0,0,0,0,0,0,4,4,1,0,0,3,0,0,1,0,1,2,0,0,2,1,0,1,0,0,0,0,0,0,0,0,0,0,4,20,24
2021-05-31,2,0,0,0,0,0,1,0,0,0,0,0,0,0,0,0,2,1,0,0,0,0,0,2,0,0,0,0,0,3,0,0,0,0,2,11,13
2021-06-01,0,0,0,0,0,0,0,0,1,1,0,2,0,0,0,3,0,0,0,0,0,0,1,0,0,0,0,0,0,0,1,0,0,0,6,9,15
2021-06-02,0,0,0,0,0,0,1,11,0,1,0,0,0,2,3,0,0,4,0,0,1,0,0,0,0,0,0,0,0,0,0,0,0,0,12,23,35
2021-06-03,0,-1,0,2,0,1,0,2,0,2,0,0,0,0,3,0,0,0,0,0,1,0,0,0,0,0,0,0,0,0,0,0,0,0,9,10,19
2021-06-04,0,0,0,-1,0,1,1,1,1,0,0,1,0,0,0,0,1,2,0,0,1,0,0,2,0,0,0,0,0,0,-1,0,0,0,-1,9,8
2021-06-05,0,0,-1,0,0,0,0,0,0,0,0,0,1,0,0,0,0,0,0,0,0,0,0,0,0,0,0,0,0,4,0,0,0,0,0,4,4
2021-06-06,0,0,0,0,0,0,0,2,0,0,0,0,0,0,0,0,0,0,0,0,0,0,0,0,0,0,0,0,0,0,0,0,0,0,1,2,3
2021-06-07,0,0,0,0,0,2,0,1,0,0,0,1,0,1,0,1,0,0,0,0,0,0,0,0,0,0,0,0,0,0,1,0,1,0,1,8,9
2021-06-08,0,0,0,0,0,0,0,-1,-1,0,0,0,0,0,0,0,1,0,0,1,0,0,0,0,0,0,0,0,0,0,0,0,0,0,0,0,0
2021-06-09,0,0,0,0,0,0,0,0,0,0,0,0,0,0,1,0,1,0,0,0,0,0,0,1,0,0,0,0,0,0,0,0,0,0,6,3,9
2021-06-10,0,0,-1,0,0,0,0,2,0,0,0,1,0,0,0,0,0,0,0,0,0,0,0,0,0,0,0,0,0,0,0,0,0,0,3,2,5
2021-06-11,0,0,-1,0,0,0,0,1,0,0,0,0,0,0,1,0,0,0,0,0,1,0,0,1,0,0,0,0,0,0,0,0,0,0,7,3,10
2021-06-12,0,0,0,0,0,0,0,1,1,1,0,1,1,0,0,0,0,0,0,0,0,0,0,0,0,0,0,0,0,0,0,0,0,0,2,5,7
2021-06-13,0,0,0,0,0,0,0,1,0,0,0,0,0,0,0,0,0,0,0,0,0,0,0,0,0,0,0,0,0,0,0,0,0,0,0,1,1
2021-06-14,0,0,0,0,0,0,0,0,0,0,0,0,0,0,0,0,0,0,0,0,0,0,0,0,0,0,0,0,0,0,0,0,0,0,0,0,0
2021-06-15,0,0,0,0,0,0,0,0,0,2,0,1,0,0,0,0,0,0,0,0,0,0,0,0,0,0,0,0,0,0,0,0,0,0,3,3,6
2021-06-16,0,0,0,0,0,0,0,0,0,1,0,0,0,0,0,0,0,0,1,0,2,0,0,0,0,0,0,0,0,0,0,0,0,0,3,4,7
2021-06-17,0,0,0,0,0,0,0,0,0,0,0,0,0,0,0,0,0,0,1,0,0,0,0,0,0,0,0,0,0,0,0,0,0,0,0,1,1
2021-06-18,0,0,0,0,0,0,0,0,0,1,0,0,0,0,0,0,0,0,0,0,1,0,0,0,0,0,0,0,0,0,0,0,0,0,1,2,3
2021-06-19,0,0,0,0,0,0,0,0,0,0,0,0,0,0,0,0,0,0,0,-1,0,0,0,0,0,0,0,0,0,0,0,0,0,0,1,-1,0
2021-06-20,0,0,0,0,0,0,0,0,0,0,0,0,0,0,0,0,0,0,0,0,0,0,0,0,0,0,0,0,0,0,0,0,0,0,0,0,0
2021-06-21,0,0,0,0,0,0,0,0,0,0,0,0,0,0,0,0,0,0,0,0,0,0,0,0,0,0,0,0,0,0,0,0,0,0,0,0,0
2021-06-22,0,0,1,0,0,0,0,1,0,0,0,0,0,0,0,0,0,0,0,0,-1,0,0,0,0,0,0,0,0,0,0,0,0,0,0,1,1
2021-06-23,0,0,0,0,0,0,0,-2,0,1,0,0,0,0,0,0,0,0,-1,0,1,0,0,0,0,0,0,0,0,0,0,0,0,0,5,-1,4
2021-06-24,0,0,0,0,0,0,0,1,0,0,0,0,0,0,0,0,1,0,0,0,0,0,0,0,0,0,0,0,0,0,0,0,0,0,2,2,4
2021-06-25,0,0,0,0,0,0,0,0,0,0,0,0,0,0,0,0,0,1,0,0,1,0,0,0,0,0,0,0,0,0,1,0,0,0,0,3,3
2021-06-26,0,0,0,0,0,0,0,0,0,0,0,0,0,0,0,0,0,0,0,0,1,0,0,0,0,0,0,0,0,0,0,0,0,0,0,1,1
2021-06-27,0,0,0,0,1,0,0,1,0,0,0,0,0,0,0,0,0,0,0,0,0,0,0,0,0,0,0,0,0,0,0,0,0,0,1,2,3
2021-06-28,0,0,0,0,0,0,1,0,0,0,0,0,0,0,0,0,0,0,0,0,1,0,0,0,0,0,0,0,0,0,0,0,0,0,1,2,3
2021-06-29,0,0,0,1,-1,0,0,0,0,1,0,1,0,0,0,0,0,0,0,0,0,0,0,0,0,0,0,0,0,0,0,0,0,0,0,2,2
2021-06-30,0,0,0,0,0,0,0,0,0,0,0,0,0,0,0,0,1,0,0,0,0,0,0,0,0,0,0,0,0,0,0,0,0,0,0,1,1
2021-07-01,0,0,0,0,0,0,0,0,0,0,0,0,0,0,1,0,0,0,0,0,0,0,0,0,0,0,0,0,0,0,0,0,0,0,3,1,4
2021-07-02,0,0,0,0,0,0,2,1,0,0,0,-1,0,0,0,0,0,0,0,0,-1,0,0,0,0,1,0,0,0,0,0,0,0,0,4,2,6
2021-07-03,0,0,0,0,0,0,0,1,1,0,0,0,0,0,0,0,-1,0,0,0,6,0,0,0,0,0,0,0,0,0,0,0,0,0,2,7,9
2021-07-04,0,0,0,0,0,0,0,1,0,0,0,0,0,0,0,0,0,0,0,0,0,0,0,0,0,0,0,0,0,0,0,0,0,0,1,1,2
2021-07-05,0,0,0,0,0,0,0,0,0,0,0,0,0,0,3,0,0,0,0,0,0,0,0,0,0,0,0,0,0,0,0,0,0,0,1,3,4
2021-07-06,0,0,0,0,2,0,0,0,1,0,0,0,0,1,0,0,0,0,0,0,1,0,0,0,0,0,0,0,0,0,0,0,0,0,1,5,6
2021-07-07,0,0,0,0,0,0,0,0,0,0,0,0,0,0,0,0,0,0,0,0,9,0,0,0,0,0,0,0,0,0,0,0,0,0,1,9,10
2021-07-08,0,0,0,0,0,0,1,0,0,0,0,0,0,-1,0,0,0,0,0,0,4,0,0,0,0,0,0,0,0,0,0,0,0,0,3,4,7
2021-07-09,0,0,0,0,0,0,0,0,0,0,0,0,0,0,0,0,0,0,0,0,3,0,0,0,0,0,0,0,0,0,0,0,0,0,2,3,5
2021-07-10,0,0,0,1,0,0,0,0,0,0,0,0,0,0,0,0,0,0,0,0,1,0,1,0,0,0,0,0,0,0,0,0,0,0,5,3,8
2021-07-11,0,0,0,0,0,0,0,0,0,0,1,0,0,0,1,0,0,0,0,0,1,0,0,0,0,0,0,0,0,0,0,0,0,0,6,3,9
2021-07-12,0,0,0,0,0,0,0,0,0,0,0,0,0,0,0,0,0,0,0,0,11,0,0,0,0,0,0,0,0,0,0,0,0,0,0,11,11
2021-07-13,0,0,0,0,0,0,0,1,0,0,0,0,0,0,0,0,0,0,0,0,2,0,2,0,0,0,0,0,0,0,0,0,0,0,0,5,5
2021-07-14,0,0,0,0,0,0,0,1,0,0,0,0,0,0,0,0,0,0,1,0,2,0,7,1,1,0,0,0,0,0,0,1,0,0,4,14,18
2021-07-15,0,0,0,0,0,0,0,1,-1,1,0,0,0,1,0,0,0,1,0,0,1,2,2,0,0,0,0,0,0,0,0,0,0,0,6,8,14
2021-07-16,0,0,0,0,0,0,0,2,0,0,0,1,0,0,1,0,2,0,0,0,1,0,0,1,1,0,0,0,0,0,0,0,0,0,4,9,13
2021-07-17,0,0,1,0,0,1,0,1,1,1,0,0,0,0,2,0,0,0,0,0,0,1,7,1,0,0,0,0,0,0,0,0,0,0,5,16,21
2021-07-18,0,0,0,0,0,1,0,0,0,0,0,0,0,0,0,0,0,0,0,0,2,0,0,0,0,0,0,0,0,0,0,0,0,0,1,3,4
2021-07-19,0,0,0,0,0,-1,0,0,0,0,0,0,0,0,0,0,0,0,0,0,0,0,-1,-1,0,0,0,0,0,0,0,0,0,0,0,-3,-3
2021-07-20,0,0,1,0,0,0,0,0,0,0,0,0,0,1,1,0,0,0,0,0,1,0,0,0,0,0,0,0,0,0,0,0,0,0,4,4,8
2021-07-21,4,1,0,0,0,0,0,0,1,2,0,0,1,0,1,0,-1,0,0,0,2,0,2,1,0,0,0,0,0,0,0,0,0,0,3,14,17
2021-07-22,1,0,1,0,1,0,0,1,1,0,0,0,0,0,10,0,0,0,0,0,0,0,1,0,0,1,0,2,0,0,0,0,0,0,4,19,23
2021-07-23,0,0,0,0,0,0,0,0,0,0,0,1,0,0,0,0,0,0,0,0,0,0,0,0,0,0,0,0,0,0,0,0,0,0,9,1,10
2021-07-24,1,0,1,1,0,0,1,3,0,0,0,1,0,1,2,0,1,0,0,0,0,0,-1,1,0,0,0,0,0,0,0,0,0,0,18,12,30
2021-07-25,0,0,0,0,0,0,0,3,0,1,0,0,0,0,0,0,0,0,0,0,2,0,0,0,0,0,0,0,0,0,0,0,0,0,4,6,10
2021-07-26,0,0,0,0,0,0,0,1,0,0,0,0,0,0,0,0,0,0,0,0,0,0,0,0,0,0,0,0,0,0,0,0,0,0,0,1,1
2021-07-27,1,1,0,1,0,1,0,1,0,3,0,0,0,2,0,0,0,0,0,0,1,1,0,0,0,1,0,0,0,0,0,0,0,0,11,13,24
2021-07-28,3,2,0,3,3,0,1,1,2,0,0,0,0,0,0,0,0,0,0,1,0,0,2,1,0,1,0,0,0,0,0,0,0,0,16,20,36
2021-07-29,5,2,2,0,0,0,0,0,0,0,1,0,0,0,0,1,0,0,0,0,0,0,0,0,0,0,0,0,0,0,0,0,0,0,6,11,17
2021-07-30,0,0,0,0,0,1,0,1,0,0,0,0,0,0,3,0,0,0,0,0,1,0,0,0,0,0,0,0,0,0,0,0,0,0,13,6,19
2021-07-31,2,1,1,1,2,0,0,2,1,1,1,0,0,2,4,0,0,0,0,1,2,0,0,0,0,0,0,0,0,0,0,0,0,0,7,21,28
2021-08-01,0,0,0,0,0,0,0,1,2,1,0,0,0,0,6,0,0,0,0,0,0,0,0,0,0,0,0,0,0,0,0,0,0,0,5,10,15
2021-08-02,0,0,0,0,0,0,0,0,0,0,0,0,0,0,1,1,0,0,0,0,0,0,0,0,0,0,0,0,0,0,0,0,0,0,2,2,4
2021-08-03,1,0,0,0,1,0,1,0,0,1,0,0,0,2,0,0,0,0,0,0,0,0,0,1,0,1,0,0,0,0,0,0,0,0,2,8,10
2021-08-04,1,0,0,0,2,0,0,1,0,0,0,0,0,1,2,1,0,0,0,0,0,0,0,1,0,1,0,0,0,0,0,0,0,0,5,10,15
2021-08-05,0,0,0,0,4,0,1,0,0,-1,0,0,0,0,2,0,1,0,0,1,1,0,0,0,0,0,0,0,0,0,0,0,0,0,7,9,16
2021-08-06,1,0,0,0,3,0,-1,0,0,0,0,0,0,1,4,1,1,0,0,0,0,0,1,1,0,0,0,0,0,1,0,0,0,0,7,13,20
2021-08-07,1,1,0,0,0,0,0,1,1,0,0,0,0,1,0,1,2,0,0,2,0,0,1,0,0,1,0,0,0,0,0,0,0,0,2,12,14
2021-08-08,0,0,0,0,1,0,0,0,0,1,0,0,0,0,5,0,0,0,0,0,0,0,1,0,0,0,1,0,0,0,0,0,0,0,8,9,17
2021-08-09,0,0,0,0,0,0,0,0,0,0,0,0,0,0,0,0,1,0,0,0,0,0,0,0,0,0,0,0,0,0,0,0,0,0,2,1,3
2021-08-10,0,0,0,0,0,0,0,0,0,2,0,0,0,0,2,1,0,0,0,0,1,0,1,0,0,0,0,0,0,0,0,0,0,1,6,8,14
2021-08-11,1,0,0,0,0,1,0,3,0,1,0,0,0,0,1,0,2,1,0,0,3,1,0,0,0,0,0,0,0,0,0,0,0,-1,7,13,20
2021-08-12,1,0,0,0,5,0,0,1,1,0,0,0,0,0,8,3,1,0,0,0,0,0,3,0,0,0,0,0,0,0,0,0,0,0,10,23,33
2021-08-13,0,0,0,0,0,1,0,-1,-1,2,1,0,0,0,2,0,3,1,0,0,-1,1,0,0,0,1,0,0,0,0,0,0,0,0,16,9,25
2021-08-14,6,0,1,1,1,0,1,4,0,2,0,0,0,0,4,0,6,1,0,0,2,0,2,1,0,1,0,0,0,0,0,0,0,0,19,33,52
2021-08-15,2,0,0,0,0,0,1,0,1,0,0,0,1,0,2,0,1,0,0,0,0,0,0,0,0,0,0,0,0,0,0,0,0,0,4,8,12
2021-08-16,0,0,0,0,0,0,0,0,0,0,0,0,0,0,0,0,0,0,0,0,0,0,0,0,0,0,0,0,0,0,0,0,0,0,0,0,0
2021-08-17,0,0,0,0,0,1,0,0,1,1,0,0,0,1,1,1,-1,0,0,0,0,0,0,0,0,0,0,0,0,0,0,0,0,0,5,5,10
2021-08-18,1,0,1,1,8,0,0,0,5,3,0,0,0,1,7,2,4,0,0,0,0,0,3,1,0,0,0,0,0,0,1,4,1,0,21,43,64
2021-08-19,3,0,2,0,1,7,2,7,2,4,0,0,1,3,9,0,2,0,0,0,2,1,1,1,0,0,0,0,0,0,1,1,4,0,37,54,91
2021-08-20,1,1,0,0,0,0,2,4,0,1,0,1,0,0,9,0,0,0,0,0,1,0,0,0,0,0,0,0,0,0,1,0,0,0,17,21,38
2021-08-21,2,0,3,1,3,3,6,4,2,13,0,2,0,1,13,1,0,0,0,0,2,3,0,2,0,0,0,3,0,0,2,0,2,0,19,68,87
2021-08-22,0,0,0,0,0,1,1,0,0,0,0,0,0,0,1,0,0,1,0,0,1,0,0,0,0,0,0,1,0,0,2,0,0,2,5,10,15
2021-08-23,0,0,0,0,0,0,-1,0,0,0,0,0,0,0,0,0,0,0,0,0,0,0,0,0,0,0,0,0,0,0,0,0,0,0,0,-1,-1
2021-08-24,1,0,0,0,0,2,0,3,0,7,0,0,2,0,8,0,2,0,0,0,1,0,0,0,0,0,0,0,0,0,0,0,0,0,9,26,35
2021-08-25,0,0,0,2,1,0,0,6,1,25,0,1,0,1,9,0,8,0,0,5,1,0,1,1,0,0,0,2,0,0,1,0,0,0,26,65,91
2021-08-26,1,0,1,1,4,1,7,6,0,12,0,1,2,0,9,0,0,-1,0,-2,1,4,0,0,0,0,0,0,3,0,-1,0,2,-1,36,50,86
2021-08-27,0,0,-1,0,2,-2,0,-2,1,0,0,1,0,1,10,2,2,0,0,3,2,0,1,0,0,0,0,0,0,0,2,0,1,0,5,23,28
2021-08-28,0,1,1,0,0,1,-1,2,0,2,0,0,0,0,13,1,0,0,0,2,5,0,0,0,0,0,0,0,0,0,1,0,-2,0,20,26,46
2021-08-29,1,0,0,0,0,7,4,6,0,28,0,4,0,0,12,0,1,0,0,5,12,0,0,0,0,0,0,0,0,0,3,0,0,0,62,83,145
2021-08-30,0,1,1,1,3,0,1,0,1,6,0,0,2,1,2,0,1,1,0,0,2,0,0,0,0,1,0,0,2,0,0,0,2,3,20,31,51
2021-08-31,0,0,0,0,0,1,0,1,0,1,0,0,0,0,4,0,0,0,0,0,0,0,0,0,0,0,0,0,0,0,0,0,0,0,4,7,11
2021-09-01,3,0,0,0,8,2,0,2,0,12,0,2,0,1,5,0,0,0,0,4,2,0,0,0,0,0,0,0,0,0,1,0,0,0,41,42,83
2021-09-02,3,1,0,0,0,2,0,6,11,4,0,0,2,0,10,0,0,2,0,1,3,0,0,0,0,0,0,0,0,0,-1,0,0,0,18,44,62
2021-09-03,2,0,0,2,4,-1,0,2,0,3,0,2,3,2,5,3,0,0,0,0,1,0,0,2,0,0,0,0,0,0,0,0,1,0,32,31,63
2021-09-04,0,1,0,-1,4,4,1,5,-1,5,0,0,1,1,6,1,2,4,0,1,1,0,1,0,0,0,0,0,0,0,0,0,2,0,26,38,64
2021-09-05,9,2,0,0,0,0,0,4,0,3,1,0,2,2,8,2,1,1,0,0,2,1,0,2,0,1,0,2,0,0,0,0,7,0,27,50,77
2021-09-06,0,0,0,0,0,0,1,6,1,6,0,0,0,1,8,0,1,0,0,0,1,0,0,0,0,0,0,0,0,0,0,0,0,0,28,25,53
2021-09-07,0,0,0,0,1,0,0,0,0,-1,0,0,0,-1,1,0,-1,0,0,0,-1,0,0,0,0,0,0,0,0,0,1,0,1,0,2,0,2
2021-09-08,3,0,0,0,8,2,5,2,0,11,0,0,3,1,10,0,1,4,0,0,0,3,1,9,0,1,0,0,0,0,2,0,0,0,32,66,98
2021-09-09,2,1,0,0,7,1,0,1,1,7,0,2,0,0,3,7,1,1,0,0,1,0,2,3,0,0,0,-1,0,0,1,0,1,0,23,41,64
2021-09-10,2,1,0,0,6,2,0,2,0,7,0,1,1,0,5,1,0,1,0,0,0,0,0,3,0,2,0,0,0,0,9,0,-1,0,29,42,71
2021-09-11,0,1,0,0,3,0,3,0,1,1,0,1,0,1,5,0,2,2,0,0,0,3,1,0,0,0,0,0,1,0,5,0,0,0,23,30,53
2021-09-12,0,0,0,1,0,0,0,5,3,7,0,1,1,0,7,2,0,1,0,0,0,0,3,1,0,2,0,0,0,0,-2,0,0,0,14,32,46
2021-09-13,0,0,1,0,2,0,3,1,1,7,0,0,3,0,0,1,0,0,0,1,0,0,0,0,0,0,0,1,0,0,0,0,2,0,14,23,37
2021-09-14,0,0,0,0,0,0,0,1,2,0,0,0,0,0,0,0,1,0,0,0,0,0,0,1,0,0,0,0,0,0,0,0,0,0,0,5,5
2021-09-15,2,0,0,1,4,0,0,1,1,7,0,0,0,3,4,0,2,1,0,0,1,0,0,2,0,0,0,0,0,0,1,0,0,0,23,30,53
2021-09-16,0,0,0,0,8,0,3,2,1,11,0,0,0,0,7,0,1,0,0,0,1,1,0,0,0,0,0,0,0,0,0,0,0,0,22,35,57
2021-09-17,0,2,3,0,0,0,1,4,5,20,0,0,2,0,1,2,2,-1,0,1,2,2,1,1,0,1,0,0,0,0,1,0,0,0,28,50,78
2021-09-18,0,0,0,0,5,0,1,2,1,-3,0,0,0,0,1,0,0,0,0,1,0,0,2,3,0,1,0,0,0,0,1,0,0,0,17,15,32
2021-09-19,2,0,1,0,0,0,2,2,0,2,0,0,0,0,2,0,0,0,0,1,1,0,0,1,0,1,0,0,0,0,0,1,0,0,9,16,25
2021-09-20,-1,0,0,0,0,0,0,2,0,2,0,0,0,0,4,0,0,0,1,0,0,0,0,0,0,0,0,1,0,0,0,0,0,0,14,9,23
2021-09-21,0,0,0,0,-1,0,0,3,0,1,0,0,0,0,1,0,0,-1,0,0,2,0,0,0,0,0,0,0,0,0,0,0,0,0,-1,5,4
2021-09-22,0,0,0,2,3,0,0,2,1,4,0,0,1,0,0,0,0,0,0,0,1,0,0,-1,1,0,0,0,0,0,0,0,0,0,15,14,29
2021-09-23,0,0,5,1,3,0,0,7,4,5,0,0,1,1,6,0,0,1,0,1,2,0,2,1,0,0,0,0,0,0,4,0,0,1,6,45,51
2021-09-24,0,0,0,1,-1,0,0,4,3,1,0,0,0,0,1,0,0,1,1,0,2,0,0,0,0,0,0,0,0,0,1,0,0,0,7,14,21
2021-09-25,0,0,0,0,0,0,0,2,0,4,0,0,0,0,1,0,0,0,1,0,2,0,0,1,0,0,0,0,0,0,0,0,0,0,1,11,12
2021-09-26,1,1,3,1,1,0,1,1,1,5,0,0,2,1,3,0,0,1,0,0,2,0,0,0,0,0,0,0,0,0,0,0,0,0,8,24,32
2021-09-27,0,1,0,0,1,1,0,0,0,0,0,0,2,0,-1,0,0,0,0,0,0,0,0,0,0,0,0,0,0,0,0,0,0,0,4,4,8
2021-09-28,0,0,0,0,0,0,0,0,0,0,0,0,0,0,0,1,0,0,0,0,0,0,0,0,0,0,0,0,0,0,0,0,0,0,2,1,3
2021-09-29,6,1,0,2,-1,2,2,3,6,4,0,0,1,1,1,-1,1,0,0,0,1,0,0,0,0,0,1,0,0,0,0,0,2,0,12,32,44
2021-09-30,1,0,0,1,0,1,0,2,2,0,0,1,0,0,4,0,0,0,0,0,1,0,0,2,0,0,0,0,0,0,1,0,0,0,16,16,32
2021-10-01,1,0,2,0,1,0,2,0,1,2,0,0,0,1,1,0,2,0,0,0,0,0,0,0,0,0,0,0,0,0,0,0,0,0,11,13,24
2021-10-02,1,0,0,0,2,0,0,1,10,1,0,1,1,0,2,0,2,0,0,0,0,0,0,0,0,0,0,0,0,0,2,0,0,0,16,23,39
2021-10-03,3,0,0,0,2,0,2,2,0,3,0,1,0,0,4,1,0,0,0,0,2,0,0,0,0,0,0,0,0,0,0,0,0,0,10,20,30
2021-10-04,1,0,0,0,1,0,0,2,0,0,0,0,0,0,1,0,0,0,0,0,0,0,0,0,0,0,0,0,0,0,0,0,0,0,12,5,17
2021-10-05,2,0,0,0,0,0,1,0,0,1,0,0,0,0,1,0,1,0,0,0,1,0,0,0,0,0,0,0,0,0,0,0,0,0,4,7,11
2021-10-06,2,1,1,2,1,0,2,3,0,3,1,0,0,0,3,0,0,0,0,0,1,0,0,3,0,0,0,0,0,0,0,0,0,0,19,23,42
2021-10-07,4,0,0,0,5,0,0,3,1,0,0,0,1,0,7,0,2,0,0,2,0,0,1,0,0,0,0,0,0,0,3,0,0,0,19,29,48
2021-10-08,3,0,3,4,1,0,0,4,2,2,0,0,0,0,1,3,0,2,0,0,3,0,0,0,0,0,0,0,0,0,1,0,1,0,18,30,48
2021-10-09,2,0,0,1,5,0,2,0,1,1,0,0,0,0,3,0,0,2,0,0,3,0,0,1,0,0,0,0,0,0,0,0,0,0,17,21,38
2021-10-10,0,0,0,1,6,0,1,1,0,0,0,1,1,0,4,1,1,0,0,0,0,0,1,2,0,1,0,0,0,0,2,0,1,0,8,24,32
2021-10-11,0,0,0,0,-1,0,0,0,0,1,0,0,0,0,-1,1,1,0,0,0,0,0,0,0,0,0,0,0,0,0,-1,0,0,0,4,0,4
2021-10-12,0,0,1,0,-1,0,0,2,0,0,0,0,0,1,0,1,0,1,0,0,0,0,0,0,0,0,0,0,0,0,-1,0,0,0,3,4,7
2021-10-13,4,0,2,0,5,1,1,2,0,1,0,0,3,0,1,3,-1,0,0,0,5,0,4,2,0,1,0,0,0,1,0,0,0,0,14,35,49
2021-10-14,7,1,0,0,3,0,1,8,5,2,0,0,2,0,10,5,1,2,2,0,5,0,2,0,0,0,0,0,0,0,4,0,3,0,16,63,79
2021-10-15,2,1,0,0,3,0,0,8,0,2,0,1,1,0,7,1,3,0,0,0,1,1,3,1,0,0,1,0,0,0,1,0,1,0,23,38,61
2021-10-16,2,0,1,0,2,0,1,3,0,0,1,0,2,0,2,3,3,2,2,0,6,0,0,1,0,0,0,0,0,0,4,0,1,0,15,36,51
2021-10-17,4,1,0,0,1,0,1,3,1,1,0,0,1,2,3,5,2,1,0,0,7,0,0,0,0,0,2,0,0,0,1,0,0,0,4,36,40
2021-10-18,3,0,0,0,0,0,0,3,1,0,0,0,0,0,0,0,0,-1,0,0,5,0,2,0,0,1,0,0,0,0,0,0,0,0,0,14,14
2021-10-19,1,0,0,1,1,0,0,0,0,1,0,0,0,0,0,1,0,0,1,0,1,0,0,0,0,1,0,0,0,0,1,0,0,0,2,9,11
2021-10-20,5,0,0,1,1,1,2,3,0,4,0,2,0,0,8,0,0,0,0,0,15,0,1,0,0,-1,0,0,0,0,0,0,1,0,27,43,70
2021-10-21,8,0,1,0,1,0,2,7,1,1,0,0,0,1,5,3,0,1,2,0,7,3,3,1,0,0,0,0,0,0,0,5,2,1,13,55,68
2021-10-22,9,0,1,2,0,0,1,11,2,2,0,3,0,1,3,3,1,1,4,0,9,1,0,3,0,-1,0,0,0,0,2,0,1,0,11,59,70
2021-10-23,14,1,0,0,0,0,0,5,3,0,0,2,1,0,8,2,1,5,5,0,5,3,0,0,0,2,0,0,0,0,0,1,2,0,23,60,83
2021-10-24,19,2,0,0,2,1,1,7,2,4,0,5,2,0,4,1,1,3,4,0,6,1,0,10,0,0,0,0,0,0,1,1,0,0,14,77,91
2021-10-25,2,0,1,0,0,0,0,1,0,0,0,0,0,0,0,0,0,1,1,0,3,1,0,0,0,0,0,0,0,0,1,0,0,0,4,11,15
2021-10-26,1,1,1,0,0,2,0,4,1,1,0,0,0,3,3,0,0,0,0,0,1,0,0,1,0,0,0,0,0,0,0,0,0,0,11,19,30
2021-10-27,15,-1,0,2,4,1,0,4,2,3,0,1,3,3,10,3,5,1,0,0,7,0,1,6,0,0,1,0,0,0,0,2,0,0,26,73,99
2021-10-28,19,5,2,0,1,1,3,5,2,4,0,1,0,0,13,0,2,3,1,1,10,2,4,3,0,1,0,0,0,0,2,0,0,0,24,85,109
2021-10-29,26,0,2,3,5,2,3,10,7,1,0,0,0,3,11,2,4,1,4,1,3,3,3,0,0,0,0,0,0,0,0,1,1,0,18,96,114
2021-10-30,6,1,3,3,2,2,3,4,2,3,0,1,1,0,6,1,4,2,0,0,5,5,0,9,0,1,0,1,0,0,2,0,0,0,19,67,86
2021-10-31,13,1,2,0,3,2,4,6,7,5,0,0,1,1,5,3,3,1,1,0,2,2,5,2,0,0,0,0,0,0,4,1,2,0,19,76,95
2021-11-01,1,-1,1,0,0,0,0,0,0,1,0,1,0,0,2,0,0,0,0,0,0,-1,0,1,0,0,0,0,0,0,0,0,-1,0,1,4,5
2021-11-02,0,0,0,0,4,1,0,1,0,0,0,0,0,2,4,1,1,1,0,0,1,0,0,0,0,0,0,0,0,0,0,0,0,0,18,16,34
2021-11-03,11,4,1,0,4,4,5,11,1,5,1,3,2,5,9,3,5,1,0,0,4,2,7,3,1,1,0,3,0,1,4,1,1,0,29,103,132
2021-11-04,18,2,3,3,5,7,3,9,5,5,0,0,0,3,28,1,3,5,3,2,12,2,2,8,2,0,0,4,0,0,1,1,1,0,31,138,169
2021-11-05,12,6,4,1,4,1,3,11,1,5,0,1,0,2,8,-1,1,2,0,1,7,0,4,4,0,0,2,2,2,0,1,0,0,1,21,85,106
2021-11-06,6,3,3,2,1,0,4,12,4,4,1,1,1,1,8,0,6,0,1,0,4,3,1,1,0,2,0,1,1,0,0,1,1,1,30,74,104
2021-11-07,1,2,1,-2,3,0,5,9,3,5,3,0,0,1,7,1,2,1,1,0,5,2,8,5,1,1,5,0,1,0,1,0,0,0,17,72,89
2021-11-08,0,2,0,0,2,2,1,8,1,0,1,0,1,3,4,0,7,1,1,0,1,0,2,2,0,0,0,0,1,0,0,0,0,0,15,40,55
2021-11-09,0,0,0,0,1,1,0,1,0,2,-1,0,0,-1,0,0,1,0,0,0,1,0,2,0,0,0,0,0,0,1,-1,0,0,0,8,7,15
2021-11-10,4,3,2,1,2,3,1,7,1,7,4,2,5,2,16,5,10,2,1,0,15,0,11,10,2,1,4,0,2,0,1,0,1,4,39,129,168
2021-11-11,6,1,3,0,9,1,4,8,0,3,1,3,0,2,11,1,8,2,1,4,11,0,2,0,2,1,3,3,1,1,3,0,3,0,38,98,136
2021-11-12,7,5,4,0,5,0,1,21,0,5,0,2,2,1,19,1,6,3,1,1,13,0,0,2,0,0,0,2,2,0,2,1,0,4,28,110,138
2021-11-13,2,2,1,2,14,3,1,10,2,6,0,2,2,2,12,4,3,3,1,2,9,1,4,6,1,0,0,1,0,0,1,0,0,0,38,97,135
2021-11-14,9,0,2,0,9,2,3,8,0,7,2,0,6,0,8,0,2,1,1,2,17,1,2,3,2,0,2,0,1,1,2,2,1,0,22,96,118
2021-11-15,0,0,0,0,1,0,0,10,1,0,0,0,2,1,0,1,5,1,0,0,6,0,-1,0,0,0,0,1,0,0,0,1,1,0,19,30,49
2021-11-16,0,2,0,0,3,1,2,2,1,1,0,0,0,2,2,0,2,0,0,1,5,1,0,3,0,0,-1,0,0,0,0,0,1,0,26,28,54
2021-11-17,7,3,0,3,5,3,2,13,2,10,7,8,6,7,18,2,4,4,2,3,17,3,7,15,3,4,5,0,1,1,2,1,1,1,44,170,214
2021-11-18,8,5,2,2,7,1,4,11,3,4,2,1,2,1,12,5,4,14,6,2,58,1,2,7,3,1,5,1,3,2,4,1,1,4,43,189,232
2021-11-19,8,4,0,-1,11,6,12,20,3,5,1,0,3,1,9,0,4,1,1,1,25,0,2,3,0,0,0,1,1,0,1,1,0,1,46,124,170
2021-11-20,15,2,2,3,5,3,8,21,2,2,1,-1,6,1,12,4,7,11,0,7,33,2,5,24,0,19,7,3,4,1,6,1,0,0,50,216,266
2021-11-21,13,1,1,0,5,5,7,17,0,4,2,0,3,5,16,5,7,4,0,5,7,2,2,10,0,0,7,3,6,3,4,1,1,0,45,146,191
2021-11-22,7,0,0,1,2,1,5,10,1,2,0,1,3,4,10,3,3,3,0,0,25,1,1,1,0,0,2,3,1,1,0,1,1,2,14,95,109
2021-11-23,1,1,1,1,1,1,2,1,0,5,1,0,4,1,4,1,1,2,1,0,8,0,1,2,1,1,0,0,0,0,0,0,0,0,18,42,60
2021-11-24,6,4,4,2,4,5,4,12,2,12,2,6,6,4,2,2,3,3,-1,2,10,4,2,20,0,13,2,4,4,3,2,3,4,8,52,163,215
2021-11-25,30,3,6,6,8,4,11,19,3,5,1,6,4,2,13,7,12,13,3,2,23,6,2,13,0,7,6,3,1,2,13,3,3,3,70,243,313
2021-11-26,9,1,1,5,8,2,7,24,3,7,5,4,3,6,20,12,8,5,2,1,47,3,8,14,3,4,0,4,1,2,10,0,7,0,71,236,307
2021-11-27,4,1,3,2,9,3,3,14,2,2,0,3,4,5,7,6,13,2,1,8,26,7,12,5,3,3,2,8,1,0,1,0,0,4,45,164,209
2021-11-28,30,4,3,1,2,4,0,7,1,3,0,1,3,1,12,6,13,3,1,2,2,3,2,11,0,4,1,5,0,0,6,0,3,2,48,136,184
2021-11-29,10,7,3,1,11,4,11,24,6,3,2,2,5,1,11,11,11,7,2,2,18,3,7,9,1,11,1,5,2,1,9,1,1,6,74,209,283
2021-11-30,4,-1,2,0,0,7,4,2,4,5,0,1,2,0,0,5,5,0,1,0,7,2,0,3,-1,2,1,1,0,0,0,1,0,0,7,57,64
2021-12-01,10,3,5,1,4,4,9,19,0,4,5,8,1,8,15,10,2,1,-1,5,13,5,1,5,-1,1,4,5,1,1,2,0,-1,2,45,151,196
2021-12-02,4,5,5,1,8,4,2,14,2,9,3,5,5,6,13,3,11,3,0,1,27,3,1,3,0,4,0,4,1,0,4,2,8,4,49,165,214
2021-12-03,21,7,11,3,14,12,7,29,8,5,6,4,7,5,26,17,12,6,1,12,38,5,11,30,0,12,1,4,4,2,16,3,0,3,70,342,412
2021-12-04,2,3,2,2,8,2,4,11,6,4,1,1,4,0,19,18,10,8,1,10,11,3,7,2,3,5,3,7,1,2,4,3,1,3,49,171,220
2021-12-05,6,3,1,0,5,1,13,15,0,9,9,2,2,2,15,8,6,7,0,3,18,7,5,2,0,3,1,1,0,0,14,1,0,3,42,162,204
2021-12-06,8,2,1,0,6,5,3,9,3,8,2,0,5,1,19,5,1,0,0,0,5,1,2,1,0,0,0,0,0,0,5,4,2,1,29,99,128
2021-12-07,5,0,7,1,4,6,8,7,1,5,0,3,2,1,12,0,15,1,3,1,17,2,1,1,0,4,0,1,0,0,2,1,0,0,13,111,124
2021-12-08,5,1,4,-1,1,3,2,0,0,10,4,2,5,1,15,3,1,3,0,2,3,1,1,4,1,4,1,0,0,0,5,4,0,1,13,86,99
2021-12-09,14,4,5,2,16,10,10,28,12,8,0,4,6,1,26,13,17,1,1,2,14,2,13,5,0,2,1,3,3,0,10,32,0,1,62,266,328
2021-12-10,11,0,21,2,13,11,18,18,12,20,4,7,1,2,27,23,16,6,2,3,17,8,10,12,0,6,0,3,0,1,13,1,4,2,102,294,396
2021-12-11,0,0,5,1,9,5,14,8,4,11,2,0,2,0,17,11,1,0,1,0,5,6,8,3,1,0,0,4,1,2,1,0,5,2,48,129,177
2021-12-12,6,0,3,1,2,4,5,12,6,2,2,4,0,3,12,5,10,3,0,3,4,1,4,3,0,-1,0,4,0,0,6,0,3,0,41,107,148
2021-12-13,3,0,0,0,2,3,2,9,0,5,0,1,2,0,6,6,7,2,0,2,3,2,0,4,0,1,0,0,0,0,0,0,3,0,43,63,106
2021-12-14,7,1,1,0,3,2,5,4,0,1,0,0,0,0,4,5,1,1,-1,0,3,1,0,0,0,1,0,3,0,0,0,4,1,0,22,47,69
2021-12-15,5,0,2,0,5,5,6,9,0,4,2,0,1,2,12,6,4,2,1,0,5,5,4,7,0,5,0,0,2,1,3,0,7,0,46,105,151
2021-12-16,3,2,6,4,8,8,7,16,5,5,5,2,5,8,8,6,7,0,4,1,9,2,2,0,0,1,0,2,4,0,9,2,5,0,68,146,214
2021-12-17,14,3,2,1,7,11,13,24,1,12,0,4,2,5,46,8,17,1,4,5,11,5,4,7,4,0,1,0,0,0,2,1,4,0,73,219,292
2021-12-18,9,2,3,-1,0,9,9,8,7,8,1,1,0,2,6,7,9,2,3,-1,9,1,6,1,0,1,0,1,1,-1,0,0,3,0,67,106,173
2021-12-19,3,0,3,3,6,1,5,9,0,6,1,4,0,2,6,6,5,0,1,0,2,0,0,1,0,0,0,0,0,0,10,2,1,0,30,77,107
2021-12-20,2,2,3,1,5,4,5,11,1,0,1,1,2,2,9,5,3,1,0,0,3,0,0,0,0,0,0,0,0,0,-1,1,0,0,17,61,78
2021-12-21,2,0,1,2,-1,3,2,6,3,3,3,0,0,0,3,0,5,1,0,0,-2,3,0,1,0,1,0,3,0,0,0,0,0,0,8,39,47
2021-12-22,9,2,5,2,7,2,4,24,1,10,3,3,2,4,8,7,2,0,1,1,3,2,3,3,0,1,2,1,1,0,0,1,7,0,63,121,184
2021-12-23,3,1,5,0,18,7,6,19,1,2,4,6,0,4,11,3,9,3,0,0,6,0,4,0,1,2,0,0,1,0,5,2,0,0,58,123,181
2021-12-24,3,10,4,0,13,5,2,12,4,6,3,3,3,4,20,4,12,0,0,0,6,0,3,2,0,2,1,0,1,0,3,0,6,1,45,133,178
2021-12-25,0,1,2,1,17,6,1,11,2,3,1,1,4,1,7,2,1,4,1,1,2,0,0,2,0,0,0,0,1,0,2,0,1,0,28,75,103
2021-12-26,0,0,0,2,0,0,0,5,2,2,2,2,3,1,8,1,3,1,1,0,-3,0,1,-2,0,-1,0,0,1,0,6,4,0,0,18,39,57
2021-12-27,3,0,0,0,2,1,2,6,1,0,0,1,1,0,5,2,1,2,0,0,0,0,-1,1,1,0,0,0,1,0,0,2,0,0,14,31,45
2021-12-28,1,1,0,2,2,2,1,12,1,1,2,1,0,1,3,2,4,1,0,0,4,0,0,4,0,0,0,2,1,0,1,1,0,0,27,50,77
2021-12-29,5,4,1,2,19,2,1,14,8,8,1,7,2,5,13,3,3,0,0,0,11,0,4,-1,0,1,0,1,0,0,4,0,3,0,67,121,188
2021-12-30,2,1,0,-1,15,3,0,10,2,5,0,2,4,2,16,3,12,10,0,0,7,0,8,2,0,0,0,1,2,0,8,1,3,0,58,118,176
2021-12-31,2,0,4,1,6,8,1,24,11,8,5,2,4,3,19,6,15,1,0,2,10,0,4,1,1,0,0,4,-1,0,7,1,1,0,50,150,200
2022-01-01,4,1,3,3,8,5,1,15,9,10,5,0,5,1,23,7,11,2,0,0,7,0,2,3,1,1,0,1,5,0,3,0,0,0,51,136,187
2022-01-02,1,0,-2,1,4,3,1,7,0,1,0,0,1,1,8,4,5,1,0,0,0,1,4,2,0,-1,0,2,0,0,3,0,0,1,42,48,90
2022-01-03,6,1,0,2,5,1,1,10,2,5,0,1,0,1,3,2,14,1,0,1,1,0,7,0,0,1,1,1,0,0,0,1,0,0,29,68,97
2022-01-04,0,0,0,-1,3,3,0,0,4,2,1,3,0,0,8,3,6,0,0,0,1,0,0,0,0,0,3,1,0,0,2,1,0,0,46,40,86
2022-01-05,7,4,2,5,6,8,2,13,5,26,6,5,5,2,5,5,17,3,2,4,15,1,8,4,1,3,3,3,0,2,3,5,2,0,91,182,273
2022-01-06,13,6,7,0,12,14,6,6,5,18,6,4,8,4,32,13,15,12,1,1,14,1,9,2,1,4,1,0,1,2,10,2,0,0,139,230,369
2022-01-07,8,3,0,1,5,3,5,17,5,14,2,3,1,4,16,12,10,2,5,-2,4,0,2,0,0,0,2,4,1,1,7,4,0,2,112,141,253
2022-01-08,4,5,4,4,12,9,3,17,3,6,5,6,5,2,27,4,16,2,1,0,15,4,3,1,0,4,0,2,1,0,4,1,0,1,99,171,270
2022-01-09,3,6,3,6,0,7,4,12,4,8,4,4,5,1,20,2,8,4,2,0,10,2,5,4,3,1,0,0,0,2,6,0,0,0,81,136,217
2022-01-10,1,3,2,1,4,4,1,16,2,4,1,2,7,2,11,1,7,0,1,0,5,0,0,-1,0,0,0,1,0,0,0,1,2,0,57,78,135
2022-01-11,3,3,1,1,0,5,3,7,2,6,1,5,5,5,10,4,5,-1,0,0,-1,1,1,5,0,0,0,0,0,0,1,0,1,3,64,76,140
2022-01-12,1,5,6,3,4,4,3,10,5,21,5,2,5,13,15,10,6,6,0,5,23,3,5,5,0,8,0,0,1,0,2,2,3,0,94,181,275
2022-01-13,13,8,7,10,34,16,10,42,11,31,2,14,11,23,33,16,9,2,1,1,17,5,5,6,3,5,1,5,2,4,6,5,3,1,202,362,564
2022-01-14,13,6,15,10,13,12,10,29,13,23,2,15,0,23,42,12,23,3,0,1,10,7,1,9,0,4,0,3,0,1,5,1,0,1,165,307,472
2022-01-15,4,5,12,2,21,7,6,31,4,34,2,6,13,19,34,5,9,2,4,1,13,2,4,4,1,1,1,2,2,0,10,7,6,0,162,274,436
2022-01-16,7,5,7,5,8,6,7,17,6,8,2,4,2,11,14,9,14,2,2,7,25,5,2,7,1,5,1,5,0,0,7,-1,2,0,120,202,322
2022-01-17,15,8,2,4,16,5,6,22,5,18,2,6,2,12,22,3,17,9,1,0,15,11,4,4,0,1,0,2,0,0,1,2,5,0,128,220,348
2022-01-18,4,2,5,1,0,4,8,10,9,-1,6,2,3,3,18,3,6,-2,-1,2,5,0,-2,3,0,0,0,-2,2,0,4,-1,0,1,50,92,142
2022-01-19,8,1,5,2,13,4,3,16,6,19,4,7,4,10,25,4,4,0,0,2,7,2,4,8,0,2,0,1,1,4,5,0,2,1,104,174,278
2022-01-20,7,5,9,8,8,10,13,37,11,21,2,12,8,5,36,6,15,9,3,5,30,6,5,26,4,2,3,1,1,2,3,2,6,0,218,321,539
2022-01-21,21,12,14,20,28,16,15,41,34,59,9,10,7,32,69,6,41,15,9,12,67,7,7,34,6,7,5,7,12,13,38,10,8,2,388,693,1081
2022-01-22,23,17,19,23,53,23,14,38,12,53,8,11,7,24,74,7,29,21,14,5,74,11,12,28,4,5,4,1,7,0,19,5,16,1,249,662,911
2022-01-23,14,5,10,8,12,12,11,15,10,32,7,7,5,18,17,7,13,2,4,10,40,7,12,20,6,3,9,7,7,6,15,0,4,3,169,358,527
2022-01-24,5,5,6,5,3,5,8,19,3,13,7,7,4,3,72,5,11,33,5,6,53,8,19,38,3,5,3,7,2,6,11,2,12,0,119,394,513
2022-01-25,43,17,26,22,19,22,26,33,12,57,12,8,15,39,55,12,24,14,4,2,20,17,11,10,6,8,3,5,2,6,6,7,17,1,308,581,889
2022-01-26,19,9,5,11,13,17,12,15,12,65,5,11,7,24,66,4,17,5,2,5,25,8,13,26,1,11,2,4,9,1,22,6,17,2,217,471,688
2022-01-27,22,9,26,31,30,25,26,49,29,79,11,13,12,33,58,12,36,18,5,19,79,12,12,49,3,10,7,8,6,8,34,14,10,1,357,796,1153
2022-01-28,30,26,28,45,48,28,40,69,45,74,21,13,25,51,70,8,29,36,13,6,84,28,25,28,13,8,13,7,2,10,19,12,10,0,440,964,1404
2022-01-29,30,18,9,13,26,37,20,41,16,67,9,12,4,44,70,7,25,14,3,4,55,22,12,62,1,10,9,6,2,3,21,14,9,0,280,695,975
2022-01-30,26,19,22,31,39,28,17,48,34,69,8,4,11,44,108,3,26,19,2,8,43,22,26,34,2,7,9,3,3,1,26,18,8,3,328,771,1099
2022-01-31,16,11,17,24,34,14,20,24,14,39,5,13,11,30,71,4,30,4,2,3,24,8,11,12,7,2,10,3,0,2,8,6,5,0,211,484,695
2022-02-01,8,6,6,18,18,8,6,28,6,49,8,5,2,21,24,3,16,0,0,0,8,13,5,12,0,3,5,-2,1,0,2,6,2,0,120,287,407
2022-02-02,11,3,16,5,9,7,4,9,5,46,7,9,2,12,42,3,8,6,1,3,45,9,13,19,5,4,13,0,3,4,4,4,3,1,142,335,477
2022-02-03,14,16,8,18,62,27,16,56,42,73,1,16,16,20,62,13,38,6,4,9,52,11,13,27,3,7,13,4,2,6,22,6,14,1,332,698,1030
2022-02-04,38,20,17,36,60,22,29,76,43,62,8,20,18,34,73,24,48,25,4,20,96,32,38,37,10,10,18,3,4,7,34,11,13,0,416,990,1406
2022-02-05,42,11,13,17,49,15,23,56,22,42,3,18,11,27,90,13,39,15,2,3,56,9,11,19,4,10,10,7,10,8,17,10,4,2,333,688,1021
2022-02-06,36,15,18,18,29,25,37,53,30,90,3,12,12,31,62,32,37,9,2,3,20,15,29,40,6,15,11,3,4,9,14,19,12,2,351,753,1104
2022-02-07,41,6,19,14,51,20,36,49,18,47,11,25,17,20,108,14,32,16,7,8,33,18,33,27,4,9,7,10,3,7,21,15,4,1,344,751,1095
2022-02-08,33,16,16,11,50,27,33,84,38,103,18,26,20,41,55,16,82,9,5,9,42,24,30,16,5,7,6,6,2,12,18,12,10,3,365,885,1250
2022-02-09,49,19,17,14,46,30,39,36,21,67,9,9,21,15,81,20,42,7,2,6,36,11,38,41,12,9,5,7,6,13,19,15,21,3,365,786,1151
2022-02-10,43,12,12,12,50,37,25,55,40,77,6,30,43,28,80,18,33,17,8,13,85,11,27,38,2,6,8,12,6,9,30,12,9,3,422,897,1319
2022-02-11,31,12,14,14,38,28,59,47,26,90,12,26,24,51,60,12,58,10,1,14,67,16,23,35,6,8,7,11,6,10,27,16,16,1,344,876,1220
2022-02-12,46,15,7,12,29,12,24,17,16,49,3,13,10,16,47,20,25,11,1,3,45,8,20,24,3,4,4,7,3,3,12,13,13,1,233,536,769
2022-02-13,36,9,12,7,16,24,48,48,25,74,7,11,19,17,87,17,40,19,3,1,55,12,40,23,5,4,8,6,4,9,21,11,12,3,284,733,1017
2022-02-14,30,8,8,14,35,22,29,29,24,73,4,23,20,15,73,10,44,10,2,2,31,12,11,19,7,8,4,3,5,4,11,14,6,2,306,612,918
2022-02-15,36,10,11,9,35,20,24,52,13,77,11,11,27,20,55,15,47,9,2,7,39,11,10,9,4,3,4,10,13,8,27,10,9,2,257,650,907
2022-02-16,52,16,8,14,21,32,35,44,19,84,14,15,19,24,51,16,24,8,7,5,20,14,39,34,5,18,9,4,10,5,25,10,17,1,264,719,983
2022-02-17,57,16,19,23,51,44,36,64,24,83,8,23,20,23,85,15,55,9,5,3,66,10,16,21,4,10,3,5,4,10,19,13,19,0,405,863,1268
2022-02-18,76,27,15,9,56,62,40,58,31,102,17,38,10,33,149,33,44,15,10,4,63,4,26,30,6,12,7,12,3,7,36,20,4,3,482,1062,1544
2022-02-19,48,9,19,10,37,44,55,39,32,52,9,20,15,15,95,21,30,10,2,6,32,11,31,22,5,9,4,6,4,5,15,7,20,2,369,741,1110
2022-02-20,46,12,27,13,21,40,23,31,24,43,6,14,13,14,79,17,19,2,3,4,19,6,9,20,3,4,3,4,5,0,16,3,6,4,212,553,765
2022-02-21,23,5,22,10,14,34,24,42,13,61,17,12,11,7,62,11,33,6,1,1,16,6,4,9,4,3,4,1,0,3,6,14,9,0,231,488,719
